lake,coreDepthTop,coreDepthBot,ageTop,ageBot,charCount,volume,charConc,charAcc,charBkg,charPeak,thresh1,thresh2,thres3,treshPos,threshNeg,SNI,threshGOF,peaks1,peaks2,peaks3,peaksFinal,peaksInsig,peakMag,smPeak
NW15,0,1.5,-65,-60,0.24,1.24,0.12,0.036,0.0065054,0.029495,0.01753,0.026071,0.034613,0.026071,-0.037558,6.0621,-999,0,0,0,0,0,0,0
NW15,1.5,2.8158,-60,-55,0.72,1.05,0.36,0.094737,0.0070933,0.087644,0.01753,0.026071,0.034613,0.026071,-0.037558,6.0621,-999,0,0,0,0,0,0,0
NW15,2.8158,4.1136,-55,-50,1.56,1.145,1.578,0.4096,0.0076938,0.40191,0.01753,0.026071,0.034613,0.026071,-0.037558,6.0621,-999,0,0,0,0,1,3.0858,0
NW15,4.1136,5.25,-50,-45,0.22,1.56,0.11,0.025,0.0083066,0.016693,0.01753,0.026071,0.034613,0.026071,-0.037558,6.0621,-999,0,0,0,0,0,0,0
NW15,5.25,6.375,-45,-40,0.22,2,0.11,0.02475,0.0089314,0.015819,0.01753,0.026071,0.034613,0.026071,-0.037558,6.0621,-999,0,0,0,0,0,0,0
NW15,6.375,7.2833,-40,-35,0.54,1.12,0.54,0.0981,0.009567,0.088533,0.01753,0.026071,0.034613,0.026071,-0.037558,6.0621,-999,0,0,0,0,1,0.31231,0
NW15,7.2833,8.1429,-35,-30,0,1,0,0,0.010212,-0.010212,0.01753,0.026071,0.034613,0.026071,-0.037558,6.0621,-999,0,0,0,0,0,0,0
NW15,8.1429,9.0192,-30,-25,0.04,1,0.04,0.007011,0.010865,-0.0038543,0.01753,0.026071,0.034613,0.026071,-0.037558,6.0621,-999,0,0,0,0,0,0,0
NW15,9.0192,10,-25,-20,1,1,1,0.19615,0.011525,0.18463,0.01753,0.026071,0.034613,0.026071,-0.037558,6.0621,-999,0,0,0,0,1,0.79279,0
NW15,10,10.5273,-20,-15,0.06,1.06,0.03,0.0031636,0.01219,-0.0090259,0.01753,0.026071,0.034613,0.026071,-0.037558,6.0621,-999,0,0,0,0,0,0,0
NW15,10.5273,10.9818,-15,-10,1,2,0.5,0.045455,0.012858,0.032597,0.01753,0.026071,0.034613,0.026071,-0.037558,6.0621,-999,0,0,0,0,0,0,0
NW15,10.9818,11.4068,-10,-5,1,1.04,0.98,0.083292,0.013529,0.069764,0.01753,0.026071,0.034613,0.026071,-0.037558,6.0621,-999,0,0,0,0,1,0.30131,0
NW15,11.4068,11.8197,-5,0,0.22,1,0.22,0.018167,0.0142,0.0039674,0.01753,0.026071,0.034613,0.026071,-0.037558,6.0621,-999,0,0,0,0,0,0,0
NW15,11.8197,12.2258,0,5,0,1,0,0,0.01487,-0.01487,0.01753,0.026071,0.034613,0.026071,-0.037558,6.0621,-999,0,0,0,0,0,0,0
NW15,12.2258,12.6379,5,10,0,1,0,0,0.015536,-0.015536,0.01753,0.026071,0.034613,0.026071,-0.037558,6.0621,-999,0,0,0,0,0,0,0
NW15,12.6379,13.0702,10,15,0,1,0,0,0.016197,-0.016197,0.01753,0.026071,0.034613,0.026071,-0.037558,6.0621,-999,0,0,0,0,0,0,0
NW15,13.0702,13.5086,15,20,0,1,0,0,0.01685,-0.01685,0.01753,0.026071,0.034613,0.026071,-0.037558,6.0621,-999,0,0,0,0,0,0,0
NW15,13.5086,13.9397,20,25,0,1,0,0,0.017496,-0.017496,0.01753,0.026071,0.034613,0.026071,-0.037558,6.0621,-999,0,0,0,0,0,0,0
NW15,13.9397,14.1641,25,30,0,1,0,0,0.018134,-0.018134,0.01753,0.026071,0.034613,0.026071,-0.037558,6.0621,-999,0,0,0,0,0,0,0
NW15,14.1641,14.355,30,35,0,1,0,0,0.018764,-0.018764,0.01753,0.026071,0.034613,0.026071,-0.037558,6.0621,-999,0,0,0,0,0,0,0
NW15,14.355,14.5319,35,40,0.24,1,0.24,0.0084937,0.019387,-0.010893,0.01753,0.026071,0.034613,0.026071,-0.037558,6.0621,-999,0,0,0,0,0,0,0
NW15,14.5319,14.6649,40,45,1,1,1,0.026596,0.020006,0.0065897,0.01753,0.026071,0.034613,0.026071,-0.037558,6.0621,-999,0,0,0,0,0,0,0.0017199
NW15,14.6649,14.7979,45,50,1,1,1,0.026596,0.020626,0.0059695,0.01753,0.026071,0.034613,0.026071,-0.037558,6.0621,-999,0,0,0,0,0,0,0.011763
NW15,14.7979,14.9309,50,55,1,1,1,0.026596,0.021254,0.0053414,0.01753,0.026071,0.034613,0.026071,-0.037558,6.0621,-999,0,0,0,0,0,0,0.03627
NW15,14.9309,15.0594,55,60,1.96,1.48,1.24,0.031882,0.021901,0.0099809,0.01753,0.026071,0.034613,0.026071,-0.037558,6.0621,-999,0,0,0,0,0,0,0.077913
NW15,15.0594,15.1832,60,65,3,2,1.5,0.037129,0.02258,0.014548,0.01753,0.026071,0.034613,0.026071,-0.037558,6.0621,-999,0,0,0,0,0,0,0.13581
NW15,15.1832,15.3069,65,70,3,2,1.5,0.037129,0.023313,0.013815,0.01753,0.026071,0.034613,0.026071,-0.037558,6.0621,-999,0,0,0,0,0,0,0.20667
NW15,15.3069,15.4307,70,75,3,2,1.5,0.037129,0.024122,0.013006,0.01753,0.026071,0.034613,0.026071,-0.037558,6.0621,-999,0,0,0,0,0,0,0.28627
NW15,15.4307,15.5531,75,80,2.12,2,1.06,0.025959,0.024776,0.0011826,0.01753,0.026071,0.034613,0.026071,-0.037558,6.0621,-999,0,0,0,0,0,0,0.37063
NW15,15.5531,15.6739,80,85,1,2,0.5,0.012077,0.025676,-0.013599,0.01753,0.026071,0.034613,0.026071,-0.037558,6.0621,-999,0,0,0,0,0,0,0.45679
NW15,15.6739,15.7947,85,90,1,2,0.5,0.012077,0.026285,-0.014207,0.01753,0.026071,0.034613,0.026071,-0.037558,6.0621,-999,0,0,0,0,0,0,0.54321
NW15,15.7947,15.9155,90,95,1,2,0.5,0.012077,0.026831,-0.014754,0.01753,0.026071,0.034613,0.026071,-0.037558,6.0621,-999,0,0,0,0,0,0,0.62937
NW15,15.9155,16.0371,95,100,1.9,2,0.95,0.023117,0.027724,-0.0046071,0.01753,0.026071,0.034613,0.026071,-0.037558,6.0621,-999,0,0,0,0,0,0,0.71373
NW15,16.0371,16.1609,100,105,4,2,2,0.049505,0.028164,0.021341,0.01753,0.026071,0.034613,0.026071,-0.037558,6.0621,-999,0,0,0,0,0,0,0.79333
NW15,16.1609,16.2847,105,110,4,2,2,0.049505,0.028534,0.020971,0.01753,0.026071,0.034613,0.026071,-0.037558,6.0621,-999,0,0,0,0,0,0,0.86419
NW15,16.2847,16.4084,110,115,4,2,2,0.049505,0.028828,0.020677,0.01753,0.026071,0.034613,0.026071,-0.037558,6.0621,-999,0,0,0,0,0,0,0.92209
NW15,16.4084,16.529,115,120,4.26,2,2.13,0.051376,0.029044,0.022333,0.01753,0.026071,0.034613,0.026071,-0.037558,6.0621,-999,0,0,0,0,0,0,0.96373
NW15,16.529,16.6406,120,125,5,2,2.5,0.055804,0.02967,0.026133,0.01753,0.026071,0.034613,0.026071,-0.037558,6.0621,-999,0,0,0,0,0,0,0.98824
NW15,16.6406,16.7522,125,130,5,2,2.5,0.055804,0.02968,0.026124,0.01753,0.026071,0.034613,0.026071,-0.037558,6.0621,-999,0,0,0,0,0,0,0.99828
NW15,16.7522,16.8638,130,135,5,2,2.5,0.055804,0.029586,0.026217,0.01753,0.026071,0.034613,0.026071,-0.037558,6.0621,-999,0,0,0,0,0,0,1
NW15,16.8638,16.9754,135,140,5,2,2.5,0.055804,0.029394,0.02641,0.01753,0.026071,0.034613,0.026071,-0.037558,6.0621,-999,1,1,0,1,0,0.0047852,1
NW15,16.9754,17.0938,140,145,1.88,2,0.94,0.022241,0.02911,-0.0068691,0.01753,0.026071,0.034613,0.026071,-0.037558,6.0621,-999,0,0,0,0,0,0,0.99828
NW15,17.0938,17.2139,145,150,1,2,0.5,0.012019,0.028742,-0.016723,0.01753,0.026071,0.034613,0.026071,-0.037558,6.0621,-999,0,0,0,0,0,0,0.98824
NW15,17.2139,17.3341,150,155,1,2,0.5,0.012019,0.028298,-0.016279,0.01753,0.026071,0.034613,0.026071,-0.037558,6.0621,-999,0,0,0,0,0,0,0.96373
NW15,17.3341,17.4543,155,160,1,2,0.5,0.012019,0.027789,-0.01577,0.01753,0.026071,0.034613,0.026071,-0.037558,6.0621,-999,0,0,0,0,0,0,0.92209
NW15,17.4543,17.5701,160,165,2.24,2,1.12,0.025941,0.027224,-0.0012832,0.01753,0.026071,0.034613,0.026071,-0.037558,6.0621,-999,0,0,0,0,0,0,0.86419
NW15,17.5701,17.6833,165,170,3,2,1.5,0.033937,0.026611,0.0073258,0.01753,0.026071,0.034613,0.026071,-0.037558,6.0621,-999,0,0,0,0,0,0,0.79333
NW15,17.6833,17.7964,170,175,3,2,1.5,0.033937,0.02595,0.0079864,0.01753,0.026071,0.034613,0.026071,-0.037558,6.0621,-999,0,0,0,0,0,0,0.71373
NW15,17.7964,17.9095,175,180,3,2,1.5,0.033937,0.025241,0.0086959,0.01753,0.026071,0.034613,0.026071,-0.037558,6.0621,-999,0,0,0,0,0,0,0.62937
NW15,17.9095,18.0242,180,185,2.8,2,1.4,0.032103,0.024479,0.007624,0.01753,0.026071,0.034613,0.026071,-0.037558,6.0621,-999,0,0,0,0,0,0,0.54321
NW15,18.0242,18.1449,185,190,2,2,1,0.024155,0.023659,0.00049583,0.01753,0.026071,0.034613,0.026071,-0.037558,6.0621,-999,0,0,0,0,0,0,0.45679
NW15,18.1449,18.2657,190,195,2,2,1,0.024155,0.02278,0.0013748,0.01753,0.026071,0.034613,0.026071,-0.037558,6.0621,-999,0,0,0,0,0,0,0.37063
NW15,18.2657,18.3865,195,200,2,2,1,0.024155,0.02185,0.0023043,0.01753,0.026071,0.034613,0.026071,-0.037558,6.0621,-999,0,0,0,0,0,0,0.28627
NW15,18.3865,18.5075,200,205,1.94,2,0.97,0.023479,0.02089,0.0025889,0.01753,0.026071,0.034613,0.026071,-0.037558,6.0621,-999,0,0,0,0,0,0,0.20667
NW15,18.5075,18.6325,205,210,1,2,0.5,0.0125,0.019929,-0.0074294,0.01753,0.026071,0.034613,0.026071,-0.037558,6.0621,-999,0,0,0,0,0,0,0.13581
NW15,18.6325,18.7575,210,215,1,2,0.5,0.0125,0.019002,-0.0065016,0.01753,0.026071,0.034613,0.026071,-0.037558,6.0621,-999,0,0,0,0,0,0,0.077913
NW15,18.7575,18.8825,215,220,1,2,0.5,0.0125,0.018136,-0.0056356,0.01753,0.026071,0.034613,0.026071,-0.037558,6.0621,-999,0,0,0,0,0,0,0.03627
NW15,18.8825,19.0068,220,225,1,2,0.5,0.012426,0.017351,-0.0049252,0.01753,0.026071,0.034613,0.026071,-0.037558,6.0621,-999,0,0,0,0,0,0,0.011763
NW15,19.0068,19.1194,225,230,1,2,0.5,0.011261,0.016654,-0.005393,0.01753,0.026071,0.034613,0.026071,-0.037558,6.0621,-999,0,0,0,0,0,0,0.0017199
NW15,19.1194,19.232,230,235,1,2,0.5,0.011261,0.016042,-0.0047805,0.01753,0.026071,0.034613,0.026071,-0.037558,6.0621,-999,0,0,0,0,0,0,0
NW15,19.232,19.3446,235,240,1,2,0.5,0.011261,0.015504,-0.0042431,0.01753,0.026071,0.034613,0.026071,-0.037558,6.0621,-999,0,0,0,0,0,0,0
NW15,19.3446,19.4572,240,245,1,2,0.5,0.011261,0.015031,-0.0037693,0.01753,0.026071,0.034613,0.026071,-0.037558,6.0621,-999,0,0,0,0,0,0,0
NW15,19.4572,19.5749,245,250,1,2,0.5,0.011767,0.014608,-0.0028404,0.01753,0.026071,0.034613,0.026071,-0.037558,6.0621,-999,0,0,0,0,0,0,0
NW15,19.5749,19.6957,250,255,1,2,0.5,0.012077,0.014222,-0.0021452,0.01753,0.026071,0.034613,0.026071,-0.037558,6.0621,-999,0,0,0,0,0,0,0
NW15,19.6957,19.8164,255,260,1,2,0.5,0.012077,0.013866,-0.0017886,0.01753,0.026071,0.034613,0.026071,-0.037558,6.0621,-999,0,0,0,0,0,0,0
NW15,19.8164,19.9372,260,265,1,2,0.5,0.012077,0.013538,-0.0014607,0.01753,0.026071,0.034613,0.026071,-0.037558,6.0621,-999,0,0,0,0,0,0,0
NW15,19.9372,20.0577,265,270,1,2,0.5,0.012049,0.01325,-0.0012009,0.01753,0.026071,0.034613,0.026071,-0.037558,6.0621,-999,0,0,0,0,0,0,0
NW15,20.0577,20.1779,270,275,1,2,0.5,0.012019,0.013025,-0.0010059,0.01753,0.026071,0.034613,0.026071,-0.037558,6.0621,-999,0,0,0,0,0,0,0
NW15,20.1779,20.2981,275,280,1,2,0.5,0.012019,0.012889,-0.0008701,0.01753,0.026071,0.034613,0.026071,-0.037558,6.0621,-999,0,0,0,0,0,0,0
NW15,20.2981,20.4183,280,285,1,2,0.5,0.012019,0.012869,-0.00084989,0.01753,0.026071,0.034613,0.026071,-0.037558,6.0621,-999,0,0,0,0,0,0,0
NW15,20.4183,20.5392,285,290,0.68,2,0.34,0.0082244,0.012985,-0.0047606,0.01753,0.026071,0.034613,0.026071,-0.037558,6.0621,-999,0,0,0,0,0,0,0
NW15,20.5392,20.6618,290,295,0,2,0,0,0.013248,-0.013248,0.01753,0.026071,0.034613,0.026071,-0.037558,6.0621,-999,0,0,0,0,0,0,0
NW15,20.6618,20.7843,295,300,0,2,0,0,0.013662,-0.013662,0.01753,0.026071,0.034613,0.026071,-0.037558,6.0621,-999,0,0,0,0,0,0,0
NW15,20.7843,20.9069,300,305,0,2,0,0,0.014217,-0.014217,0.01753,0.026071,0.034613,0.026071,-0.037558,6.0621,-999,0,0,0,0,0,0,0
NW15,20.9069,21.0275,305,310,0.48,2,0.24,0.0057917,0.014896,-0.0091042,0.01753,0.026071,0.034613,0.026071,-0.037558,6.0621,-999,0,0,0,0,0,0,0
NW15,21.0275,21.1422,310,315,2,2,1,0.022936,0.015675,0.0072611,0.01753,0.026071,0.034613,0.026071,-0.037558,6.0621,-999,0,0,0,0,0,0,0
NW15,21.1422,21.2569,315,320,2,2,1,0.022936,0.016528,0.0064077,0.01753,0.026071,0.034613,0.026071,-0.037558,6.0621,-999,0,0,0,0,0,0,0
NW15,21.2569,21.3716,320,325,2,2,1,0.022936,0.017431,0.0055049,0.01753,0.026071,0.034613,0.026071,-0.037558,6.0621,-999,0,0,0,0,0,0,0
NW15,21.3716,21.4862,325,330,2,2,1,0.022936,0.018361,0.0045747,0.01753,0.026071,0.034613,0.026071,-0.037558,6.0621,-999,0,0,0,0,0,0,0
NW15,21.4862,21.6014,330,335,1.12,2,0.56,0.012896,0.019301,-0.0064046,0.01753,0.026071,0.034613,0.026071,-0.037558,6.0621,-999,0,0,0,0,0,0,0
NW15,21.6014,21.7166,335,340,1,2,0.5,0.011521,0.020237,-0.0087166,0.01753,0.026071,0.034613,0.026071,-0.037558,6.0621,-999,0,0,0,0,0,0,0
NW15,21.7166,21.8318,340,345,1,2,0.5,0.011521,0.021166,-0.0096453,0.01753,0.026071,0.034613,0.026071,-0.037558,6.0621,-999,0,0,0,0,0,0,0
NW15,21.8318,21.947,345,350,1,2,0.5,0.011521,0.02209,-0.01057,0.01753,0.026071,0.034613,0.026071,-0.037558,6.0621,-999,0,0,0,0,0,0,0
NW15,21.947,22.0597,350,355,1,2,0.5,0.011273,0.02302,-0.011747,0.01753,0.026071,0.034613,0.026071,-0.037558,6.0621,-999,0,0,0,0,0,0,0
NW15,22.0597,22.1704,355,360,1,2,0.5,0.011062,0.023965,-0.012903,0.01753,0.026071,0.034613,0.026071,-0.037558,6.0621,-999,0,0,0,0,0,0,0
NW15,22.1704,22.281,360,365,1,2,0.5,0.011062,0.02494,-0.013878,0.01753,0.026071,0.034613,0.026071,-0.037558,6.0621,-999,0,0,0,0,0,0,0
NW15,22.281,22.3916,365,370,1,2,0.5,0.011062,0.025955,-0.014893,0.01753,0.026071,0.034613,0.026071,-0.037558,6.0621,-999,0,0,0,0,0,0,0
NW15,22.3916,22.5025,370,375,1.08,2,0.54,0.011975,0.02702,-0.015044,0.01753,0.026071,0.034613,0.026071,-0.037558,6.0621,-999,0,0,0,0,0,0,0
NW15,22.5025,22.6262,375,380,5,2,2.5,0.061881,0.028201,0.03368,0.01753,0.026071,0.034613,0.026071,-0.037558,6.0621,-999,0,0,0,0,0,0,0
NW15,22.6262,22.75,380,385,5,2,2.5,0.061881,0.0295,0.032381,0.01753,0.026071,0.034613,0.026071,-0.037558,6.0621,-999,0,0,0,0,0,0,0
NW15,22.75,22.8738,385,390,5,2,2.5,0.061881,0.030894,0.030987,0.01753,0.026071,0.034613,0.026071,-0.037558,6.0621,-999,0,0,0,0,0,0,0
NW15,22.8738,22.9975,390,395,5,2,2.5,0.061881,0.032359,0.029522,0.01753,0.026071,0.034613,0.026071,-0.037558,6.0621,-999,0,0,0,0,1,0.17827,0
NW15,22.9975,23.1145,395,400,4.02,2,2.01,0.047018,0.033875,0.013144,0.01753,0.026071,0.034613,0.026071,-0.037558,6.0621,-999,0,0,0,0,0,0,0
NW15,23.1145,23.2313,400,405,4,2,2,0.046729,0.035337,0.011392,0.01753,0.026071,0.034613,0.026071,-0.037558,6.0621,-999,0,0,0,0,0,0,0
NW15,23.2313,23.3481,405,410,4,2,2,0.046729,0.036834,0.0098948,0.01753,0.026071,0.034613,0.026071,-0.037558,6.0621,-999,0,0,0,0,0,0,0
NW15,23.3481,23.465,410,415,4,2,2,0.046729,0.038331,0.0083981,0.01753,0.026071,0.034613,0.026071,-0.037558,6.0621,-999,0,0,0,0,0,0,0
NW15,23.465,23.5841,415,420,2.6,2,1.3,0.030987,0.039771,-0.0087837,0.01753,0.026071,0.034613,0.026071,-0.037558,6.0621,-999,0,0,0,0,0,0,0
NW15,23.5841,23.7043,420,425,2,2,1,0.024038,0.041084,-0.017046,0.01753,0.026071,0.034613,0.026071,-0.037558,6.0621,-999,0,0,0,0,0,0,0
NW15,23.7043,23.8245,425,430,2,2,1,0.024038,0.042201,-0.018162,0.01753,0.026071,0.034613,0.026071,-0.037558,6.0621,-999,0,0,0,0,0,0,0
NW15,23.8245,23.9447,430,435,2,2,1,0.024038,0.043071,-0.019033,0.01753,0.026071,0.034613,0.026071,-0.037558,6.0621,-999,0,0,0,0,0,0,0
NW15,23.9447,24.0625,435,440,2.54,2,1.27,0.029918,0.043687,-0.013768,0.01753,0.026071,0.034613,0.026071,-0.037558,6.0621,-999,0,0,0,0,0,0,0
NW15,24.0625,24.1782,440,445,3,2,1.5,0.034722,0.044077,-0.009355,0.01753,0.026071,0.034613,0.026071,-0.037558,6.0621,-999,0,0,0,0,0,0,0
NW15,24.1782,24.294,445,450,3,2,1.5,0.034722,0.044289,-0.0095663,0.01753,0.026071,0.034613,0.026071,-0.037558,6.0621,-999,0,0,0,0,0,0,0.0017199
NW15,24.294,24.4097,450,455,3,2,1.5,0.034722,0.044368,-0.0096454,0.01753,0.026071,0.034613,0.026071,-0.037558,6.0621,-999,0,0,0,0,0,0,0.011763
NW15,24.4097,24.5264,455,460,3.22,1.78,2.05,0.047829,0.044351,0.0034783,0.01753,0.026071,0.034613,0.026071,-0.037558,6.0621,-999,0,0,0,0,0,0,0.03627
NW15,24.5264,24.6463,460,465,4,1,4,0.095923,0.04426,0.051664,0.01753,0.026071,0.034613,0.026071,-0.037558,6.0621,-999,0,0,0,0,0,0,0.077913
NW15,24.6463,24.7662,465,470,4,1,4,0.095923,0.044101,0.051823,0.01753,0.026071,0.034613,0.026071,-0.037558,6.0621,-999,0,0,0,0,0,0,0.13581
NW15,24.7662,24.8861,470,475,4,1,4,0.095923,0.04387,0.052053,0.01753,0.026071,0.034613,0.026071,-0.037558,6.0621,-999,0,0,0,0,0,0,0.20667
NW15,24.8861,25.006,475,480,4,1,4,0.095923,0.043562,0.052362,0.01753,0.026071,0.034613,0.026071,-0.037558,6.0621,-999,0,0,0,0,0,0,0.28627
NW15,25.006,25.1259,480,485,4,1,4,0.095923,0.043168,0.052755,0.01753,0.026071,0.034613,0.026071,-0.037558,6.0621,-999,0,0,0,0,0,0,0.37063
NW15,25.1259,25.2458,485,490,4,1,4,0.095923,0.042688,0.053235,0.01753,0.026071,0.034613,0.026071,-0.037558,6.0621,-999,0,0,0,0,0,0,0.45679
NW15,25.2458,25.3657,490,495,4,1,4,0.095923,0.042125,0.053798,0.01753,0.026071,0.034613,0.026071,-0.037558,6.0621,-999,0,0,0,0,0,0,0.54321
NW15,25.3657,25.4856,495,500,4,1,4,0.095923,0.041489,0.054435,0.01753,0.026071,0.034613,0.026071,-0.037558,6.0621,-999,0,0,0,0,0,0,0.62937
NW15,25.4856,25.6,500,505,4.88,1,4.88,0.11164,0.040795,0.070848,0.01753,0.026071,0.034613,0.026071,-0.037558,6.0621,-999,0,0,0,0,0,0,0.71373
NW15,25.6,25.7136,505,510,5,1,5,0.11364,0.040067,0.073569,0.01753,0.026071,0.034613,0.026071,-0.037558,6.0621,-999,0,0,0,0,0,0,0.79333
NW15,25.7136,25.8273,510,515,5,1,5,0.11364,0.039333,0.074303,0.01753,0.026071,0.034613,0.026071,-0.037558,6.0621,-999,0,0,0,0,0,0,0.86419
NW15,25.8273,25.9409,515,520,5,1,5,0.11364,0.038626,0.07501,0.01753,0.026071,0.034613,0.026071,-0.037558,6.0621,-999,0,0,0,0,0,0,0.92209
NW15,25.9409,26.0545,520,525,5,1,5,0.11364,0.037979,0.075658,0.01753,0.026071,0.034613,0.026071,-0.037558,6.0621,-999,0,0,0,0,0,0,0.96373
NW15,26.0545,26.1682,525,530,5,1,5,0.11364,0.037417,0.076219,0.01753,0.026071,0.034613,0.026071,-0.037558,6.0621,-999,0,0,0,0,0,0,0.98824
NW15,26.1682,26.2818,530,535,5,1,5,0.11364,0.036951,0.076685,0.01753,0.026071,0.034613,0.026071,-0.037558,6.0621,-999,0,0,0,0,0,0,0.99828
NW15,26.2818,26.3955,535,540,5,1,5,0.11364,0.036575,0.077061,0.01753,0.026071,0.034613,0.026071,-0.037558,6.0621,-999,0,0,0,0,0,0,1
NW15,26.3955,26.5094,540,545,4.76,1,4.76,0.10845,0.036265,0.07218,0.01753,0.026071,0.034613,0.026071,-0.037558,6.0621,-999,0,1,1,1,0,13.6593,1
NW15,26.5094,26.6265,545,550,2,1,2,0.046838,0.035979,0.010859,0.01753,0.026071,0.034613,0.026071,-0.037558,6.0621,-999,0,0,0,0,0,0,0.99828
NW15,26.6265,26.7436,550,555,2,1,2,0.046838,0.035656,0.011182,0.01753,0.026071,0.034613,0.026071,-0.037558,6.0621,-999,0,0,0,0,0,0,0.98824
NW15,26.7436,26.8607,555,560,2,1,2,0.046838,0.035221,0.011618,0.01753,0.026071,0.034613,0.026071,-0.037558,6.0621,-999,0,0,0,0,0,0,0.96373
NW15,26.8607,26.9778,560,565,2,1,2,0.046838,0.034587,0.012252,0.01753,0.026071,0.034613,0.026071,-0.037558,6.0621,-999,0,0,0,0,0,0,0.92209
NW15,26.9778,27.0948,565,570,2,1,2,0.046838,0.033679,0.013159,0.01753,0.026071,0.034613,0.026071,-0.037558,6.0621,-999,0,0,0,0,0,0,0.86419
NW15,27.0948,27.2119,570,575,2,1,2,0.046838,0.032454,0.014384,0.01753,0.026071,0.034613,0.026071,-0.037558,6.0621,-999,0,0,0,0,0,0,0.79333
NW15,27.2119,27.329,575,580,2,1,2,0.046838,0.030914,0.015925,0.01753,0.026071,0.034613,0.026071,-0.037558,6.0621,-999,0,0,0,0,0,0,0.71373
NW15,27.329,27.4461,580,585,2,1,2,0.046838,0.029116,0.017723,0.01753,0.026071,0.034613,0.026071,-0.037558,6.0621,-999,1,0,0,0,0,0,0.62937
NW15,27.4461,27.5619,585,590,0.92,1,0.92,0.021306,0.027164,-0.0058584,0.01753,0.026071,0.034613,0.026071,-0.037558,6.0621,-999,0,0,0,0,0,0,0.54321
NW15,27.5619,27.6766,590,595,0,1,0,0,0.025179,-0.025179,0.01753,0.026071,0.034613,0.026071,-0.037558,6.0621,-999,0,0,0,0,0,0,0.45679
NW15,27.6766,27.7913,595,600,0,1,0,0,0.023265,-0.023265,0.01753,0.026071,0.034613,0.026071,-0.037558,6.0621,-999,0,0,0,0,0,0,0.37063
NW15,27.7913,27.906,600,605,0,1,0,0,0.021489,-0.021489,0.01753,0.026071,0.034613,0.026071,-0.037558,6.0621,-999,0,0,0,0,0,0,0.28627
NW15,27.906,28.0206,605,610,0,1,0,0,0.019879,-0.019879,0.01753,0.026071,0.034613,0.026071,-0.037558,6.0621,-999,0,0,0,0,0,0,0.20667
NW15,28.0206,28.1353,610,615,0,1,0,0,0.018428,-0.018428,0.01753,0.026071,0.034613,0.026071,-0.037558,6.0621,-999,0,0,0,0,0,0,0.13581
NW15,28.1353,28.25,615,620,0,1,0,0,0.017117,-0.017117,0.01753,0.026071,0.034613,0.026071,-0.037558,6.0621,-999,0,0,0,0,0,0,0.077913
NW15,28.25,28.3647,620,625,0,1,0,0,0.015925,-0.015925,0.01753,0.026071,0.034613,0.026071,-0.037558,6.0621,-999,0,0,0,0,0,0,0.03627
NW15,28.3647,28.4794,625,630,0,1,0,0,0.014837,-0.014837,0.01753,0.026071,0.034613,0.026071,-0.037558,6.0621,-999,0,0,0,0,0,0,0.011763
NW15,28.4794,28.5983,630,635,0,1.82,0,0,0.013841,-0.013841,0.01753,0.026071,0.034613,0.026071,-0.037558,6.0621,-999,0,0,0,0,0,0,0.0017199
NW15,28.5983,28.7182,635,640,0,2,0,0,0.012931,-0.012931,0.01753,0.026071,0.034613,0.026071,-0.037558,6.0621,-999,0,0,0,0,0,0,0
NW15,28.7182,28.8381,640,645,0,2,0,0,0.012103,-0.012103,0.01753,0.026071,0.034613,0.026071,-0.037558,6.0621,-999,0,0,0,0,0,0,0
NW15,28.8381,28.958,645,650,0,2,0,0,0.011355,-0.011355,0.01753,0.026071,0.034613,0.026071,-0.037558,6.0621,-999,0,0,0,0,0,0,0
NW15,28.958,29.0779,650,655,0,2,0,0,0.010244,-0.010244,0.01753,0.026071,0.034613,0.026071,-0.037558,6.0621,-999,0,0,0,0,0,0,0
NW15,29.0779,29.1978,655,660,0,2,0,0,0.0091328,-0.0091328,0.01753,0.026071,0.034613,0.026071,-0.037558,6.0621,-999,0,0,0,0,0,0,0
NW15,29.1978,29.3177,660,665,0,2,0,0,0.0080482,-0.0080482,0.01753,0.026071,0.034613,0.026071,-0.037558,6.0621,-999,0,0,0,0,0,0,0
NW15,29.3177,29.4376,665,670,0,2,0,0,0.0070631,-0.0070631,0.01753,0.026071,0.034613,0.026071,-0.037558,6.0621,-999,0,0,0,0,0,0,0
NW15,29.4376,29.5553,670,675,0.48,2,0.24,0.0056472,0.006311,-0.00066377,0.01753,0.026071,0.034613,0.026071,-0.037558,6.0621,-999,0,0,0,0,0,0,0
NW15,29.5553,29.6705,675,680,1,2,0.5,0.011521,0.0062675,0.0052532,0.01753,0.026071,0.034613,0.026071,-0.037558,6.0621,-999,0,0,0,0,0,0,0
NW15,29.6705,29.7857,680,685,1,2,0.5,0.011521,0.0064018,0.0051189,0.01753,0.026071,0.034613,0.026071,-0.037558,6.0621,-999,0,0,0,0,0,0,0
NW15,29.7857,29.9009,685,690,1,2,0.5,0.011521,0.0066999,0.0048209,0.01753,0.026071,0.034613,0.026071,-0.037558,6.0621,-999,0,0,0,0,0,0,0
NW15,29.9009,30.0168,690,695,0.86,2,0.43,0.0099679,0.0071411,0.0028268,0.01753,0.026071,0.034613,0.026071,-0.037558,6.0621,-999,0,0,0,0,0,0,0
NW15,30.0168,30.137,695,700,0,2,0,0,0.0077023,-0.0077023,0.01753,0.026071,0.034613,0.026071,-0.037558,6.0621,-999,0,0,0,0,0,0,0
NW15,30.137,30.2569,700,705,0.12,2.06,0.04,0.0009594,0.0083609,-0.0074015,0.01753,0.026071,0.034613,0.026071,-0.037558,6.0621,-999,0,0,0,0,0,0,0
NW15,30.2569,30.3727,705,710,2,3,0.66667,0.015432,0.0090962,0.0063359,0.01753,0.026071,0.034613,0.026071,-0.037558,6.0621,-999,0,0,0,0,0,0,0
NW15,30.3727,30.4884,710,715,2,3,0.66667,0.015432,0.009891,0.0055411,0.01753,0.026071,0.034613,0.026071,-0.037558,6.0621,-999,0,0,0,0,0,0,0
NW15,30.4884,30.6114,715,720,2,3,0.66667,0.016395,0.010729,0.0056654,0.01753,0.026071,0.034613,0.026071,-0.037558,6.0621,-999,0,0,0,0,0,0,0
NW15,30.6114,30.7351,720,725,2,3,0.66667,0.016502,0.011593,0.0049083,0.01753,0.026071,0.034613,0.026071,-0.037558,6.0621,-999,0,0,0,0,0,0,0
NW15,30.7351,30.8457,725,730,1.12,3,0.37333,0.0082509,0.012459,-0.0042085,0.01753,0.026071,0.034613,0.026071,-0.037558,6.0621,-999,0,0,0,0,0,0,0
NW15,30.8457,30.9543,730,735,1,3,0.33333,0.0072464,0.013301,-0.0060544,0.01753,0.026071,0.034613,0.026071,-0.037558,6.0621,-999,0,0,0,0,0,0,0
NW15,30.9543,31.0697,735,740,0.42,3,0.14,0.0032302,0.014096,-0.010865,0.01753,0.026071,0.034613,0.026071,-0.037558,6.0621,-999,0,0,0,0,0,0,0
NW15,31.0697,31.1899,740,745,0,3,0,0,0.014836,-0.014836,0.01753,0.026071,0.034613,0.026071,-0.037558,6.0621,-999,0,0,0,0,0,0,0
NW15,31.1899,31.3119,745,750,0,3,0,0,0.015522,-0.015522,0.01753,0.026071,0.034613,0.026071,-0.037558,6.0621,-999,0,0,0,0,0,0,0
NW15,31.3119,31.4356,750,755,0,3,0,0,0.01616,-0.01616,0.01753,0.026071,0.034613,0.026071,-0.037558,6.0621,-999,0,0,0,0,0,0,0
NW15,31.4356,31.5556,755,760,0.96,2.52,0.48,0.011512,0.016752,-0.0052404,0.01753,0.026071,0.034613,0.026071,-0.037558,6.0621,-999,0,0,0,0,0,0,0
NW15,31.5556,31.6713,760,765,2,2,1,0.023148,0.017303,0.0058454,0.01753,0.026071,0.034613,0.026071,-0.037558,6.0621,-999,0,0,0,0,0,0,0.0017199
NW15,31.6713,31.7888,765,770,2.64,2.32,1.1067,0.026015,0.017814,0.0082012,0.01753,0.026071,0.034613,0.026071,-0.037558,6.0621,-999,0,0,0,0,0,0,0.011763
NW15,31.7888,31.9102,770,775,4,3,1.3333,0.032362,0.018285,0.014077,0.01753,0.026071,0.034613,0.026071,-0.037558,6.0621,-999,0,0,0,0,0,0,0.03627
NW15,31.9102,32.0293,775,780,3.48,2.74,1.2467,0.029692,0.018715,0.010977,0.01753,0.026071,0.034613,0.026071,-0.037558,6.0621,-999,0,0,0,0,0,0,0.077913
NW15,32.0293,32.1419,780,785,2,2,1,0.022523,0.0191,0.0034227,0.01753,0.026071,0.034613,0.026071,-0.037558,6.0621,-999,0,0,0,0,0,0,0.13581
NW15,32.1419,32.255,785,790,2.04,1.96,1.08,0.024431,0.019437,0.0049946,0.01753,0.026071,0.034613,0.026071,-0.037558,6.0621,-999,0,0,0,0,0,0,0.20667
NW15,32.255,32.38,790,795,3,1,3,0.075,0.019725,0.055275,0.01753,0.026071,0.034613,0.026071,-0.037558,6.0621,-999,0,0,0,0,0,0,0.28627
NW15,32.38,32.5046,795,800,2.96,1.04,2.92,0.072784,0.019968,0.052816,0.01753,0.026071,0.034613,0.026071,-0.037558,6.0621,-999,0,0,0,0,1,0.33568,0.37063
NW15,32.5046,32.6204,800,805,2,2,1,0.023148,0.020167,0.0029816,0.01753,0.026071,0.034613,0.026071,-0.037558,6.0621,-999,0,0,0,0,0,0,0.45679
NW15,32.6204,32.7361,805,810,2,2,1,0.023148,0.020322,0.002826,0.01753,0.026071,0.034613,0.026071,-0.037558,6.0621,-999,0,0,0,0,0,0,0.54321
NW15,32.7361,32.8548,810,815,3.76,2,1.88,0.044613,0.02044,0.024173,0.01753,0.026071,0.034613,0.026071,-0.037558,6.0621,-999,0,0,0,0,0,0,0.62937
NW15,32.8548,32.9738,815,820,4,2,2,0.047619,0.020529,0.02709,0.01753,0.026071,0.034613,0.026071,-0.037558,6.0621,-999,0,0,0,0,1,0.0050931,0.71373
NW15,32.9738,33.0903,820,825,4,2.78,1.48,0.034475,0.020596,0.013879,0.01753,0.026071,0.034613,0.026071,-0.037558,6.0621,-999,0,0,0,0,0,0,0.79333
NW15,33.0903,33.206,825,830,4,3,1.3333,0.030864,0.020641,0.010224,0.01753,0.026071,0.034613,0.026071,-0.037558,6.0621,-999,0,0,0,0,0,0,0.86419
NW15,33.206,33.3231,830,835,2.14,2.38,0.81667,0.019125,0.020653,-0.0015278,0.01753,0.026071,0.034613,0.026071,-0.037558,6.0621,-999,0,0,0,0,0,0,0.92209
NW15,33.3231,33.441,835,840,1,2,0.5,0.011792,0.020618,-0.0088258,0.01753,0.026071,0.034613,0.026071,-0.037558,6.0621,-999,0,0,0,0,0,0,0.96373
NW15,33.441,33.5573,840,845,0.5,1.5,0.25,0.0058151,0.020519,-0.014703,0.01753,0.026071,0.034613,0.026071,-0.037558,6.0621,-999,0,0,0,0,0,0,0.98996
NW15,33.5573,33.672,845,850,0,1,0,0,0.020339,-0.020339,0.01753,0.026071,0.034613,0.026071,-0.037558,6.0621,-999,0,0,0,0,0,0,1.01
NW15,33.672,33.7874,850,855,1.92,1.64,0.64,0.014767,0.020071,-0.0053043,0.01753,0.026071,0.034613,0.026071,-0.037558,6.0621,-999,0,0,0,0,0,0,1.0363
NW15,33.7874,33.9042,855,860,6,3,2,0.046729,0.019718,0.027011,0.01753,0.026071,0.034613,0.026071,-0.037558,6.0621,-999,0,1,0,1,0,0.0046963,1.0779
NW15,33.9042,34.0214,860,865,5.1,2.64,1.82,0.042669,0.019295,0.023374,0.01753,0.026071,0.034613,0.026071,-0.037558,6.0621,-999,1,0,0,0,0,0,1.1341
NW15,34.0214,34.1405,865,870,1,1,1,0.02381,0.01882,0.0049898,0.01753,0.026071,0.034613,0.026071,-0.037558,6.0621,-999,0,0,0,0,0,0,1.1949
NW15,34.1405,34.2596,870,875,1.08,1.16,0.97333,0.023192,0.018313,0.0048793,0.01753,0.026071,0.034613,0.026071,-0.037558,6.0621,-999,0,0,0,0,0,0,1.25
NW15,34.2596,34.3798,875,880,2,3,0.66667,0.016026,0.017793,-0.0017672,0.01753,0.026071,0.034613,0.026071,-0.037558,6.0621,-999,0,0,0,0,0,0,1.2927
NW15,34.3798,34.5,880,885,2,3,0.66667,0.016026,0.017271,-0.0012455,0.01753,0.026071,0.034613,0.026071,-0.037558,6.0621,-999,0,0,0,0,0,0,1.321
NW15,34.5,34.6106,885,890,1,3,0.33333,0.0073746,0.016754,-0.0093793,0.01753,0.026071,0.034613,0.026071,-0.037558,6.0621,-999,0,0,0,0,0,0,1.3365
NW15,34.6106,34.7212,890,895,1,3,0.33333,0.0073746,0.016243,-0.0088682,0.01753,0.026071,0.034613,0.026071,-0.037558,6.0621,-999,0,0,0,0,0,0,1.3431
NW15,34.7212,34.8364,895,900,0.26,2.26,0.086667,0.001997,0.015737,-0.01374,0.01753,0.026071,0.034613,0.026071,-0.037558,6.0621,-999,0,0,0,0,0,0,1.3431
NW15,34.8364,34.9533,900,905,0,2,0,0,0.015234,-0.015234,0.01753,0.026071,0.034613,0.026071,-0.037558,6.0621,-999,0,0,0,0,0,0,1.3365
NW15,34.9533,35.0694,905,910,1.2,2.6,0.4,0.0092939,0.014734,-0.0054402,0.01753,0.026071,0.034613,0.026071,-0.037558,6.0621,-999,0,0,0,0,0,0,1.321
NW15,35.0694,35.1852,910,915,2,3,0.66667,0.015432,0.014237,0.0011947,0.01753,0.026071,0.034613,0.026071,-0.037558,6.0621,-999,0,0,0,0,0,0,1.2927
NW15,35.1852,35.3024,915,920,1.56,3,0.52,0.012188,0.013746,-0.0015575,0.01753,0.026071,0.034613,0.026071,-0.037558,6.0621,-999,0,0,0,0,0,0,1.25
NW15,35.3024,35.4214,920,925,1,3,0.33333,0.0079365,0.013261,-0.0053244,0.01753,0.026071,0.034613,0.026071,-0.037558,6.0621,-999,0,0,0,0,0,0,1.1949
NW15,35.4214,35.5401,925,930,2.7,2.83,1.036,0.024588,0.012793,0.011795,0.01753,0.026071,0.034613,0.026071,-0.037558,6.0621,-999,0,0,0,0,0,0,1.1341
NW15,35.5401,35.658,930,935,6,2.5,2.4,0.056604,0.012303,0.0443,0.01753,0.026071,0.034613,0.026071,-0.037558,6.0621,-999,0,0,1,0,0,0,1.0779
NW15,35.658,35.7767,935,940,4.9,2.61,1.9453,0.046174,0.011807,0.034367,0.01753,0.026071,0.034613,0.026071,-0.037558,6.0621,-999,1,1,0,1,0,0.15915,1.0363
NW15,35.7767,35.8981,940,945,1,3,0.33333,0.0080906,0.011311,-0.00322,0.01753,0.026071,0.034613,0.026071,-0.037558,6.0621,-999,0,0,0,0,0,0,1.01
NW15,35.8981,36.0183,945,950,1,3,0.33333,0.0080194,0.010816,-0.0027966,0.01753,0.026071,0.034613,0.026071,-0.037558,6.0621,-999,0,0,0,0,0,0,0.98996
NW15,36.0183,36.133,950,955,1,3,0.33333,0.0076453,0.010323,-0.0026782,0.01753,0.026071,0.034613,0.026071,-0.037558,6.0621,-999,0,0,0,0,0,0,0.96373
NW15,36.133,36.2477,955,960,1,3,0.33333,0.0076453,0.0098332,-0.0021879,0.01753,0.026071,0.034613,0.026071,-0.037558,6.0621,-999,0,0,0,0,0,0,0.92209
NW15,36.2477,36.3624,960,965,0.02,3,0.0066667,0.00015291,0.0093448,-0.0091918,0.01753,0.026071,0.034613,0.026071,-0.037558,6.0621,-999,0,0,0,0,0,0,0.86419
NW15,36.3624,36.4771,965,970,0,3,0,0,0.008858,-0.008858,0.01753,0.026071,0.034613,0.026071,-0.037558,6.0621,-999,0,0,0,0,0,0,0.79333
NW15,36.4771,36.602,970,975,2.4,3,0.8,0.019996,0.008373,0.011623,0.01753,0.026071,0.034613,0.026071,-0.037558,6.0621,-999,0,0,0,0,0,0,0.71373
NW15,36.602,36.7296,975,980,3,3,1,0.02551,0.0078895,0.017621,0.01753,0.026071,0.034613,0.026071,-0.037558,6.0621,-999,1,0,0,0,0,0,0.62937
NW15,36.7296,36.8491,980,985,2.16,3,0.72,0.017203,0.0074074,0.0097955,0.01753,0.026071,0.034613,0.026071,-0.037558,6.0621,-999,0,0,0,0,0,0,0.54321
NW15,36.8491,36.967,985,990,2,3,0.66667,0.015723,0.006926,0.0087973,0.01753,0.026071,0.034613,0.026071,-0.037558,6.0621,-999,0,0,0,0,0,0,0.45679
NW15,36.967,37.0818,990,995,0.56,2.28,0.18667,0.0042872,0.0064444,-0.0021571,0.01753,0.026071,0.034613,0.026071,-0.037558,6.0621,-999,0,0,0,0,0,0,0.37063
NW15,37.0818,37.1955,995,1000,0,2,0,0,0.0059618,-0.0059618,0.01753,0.026071,0.034613,0.026071,-0.037558,6.0621,-999,0,0,0,0,0,0,0.28627
NW15,37.1955,37.308,1000,1005,0.52,2.52,0.17333,0.0039028,0.0054776,-0.0015748,0.01753,0.026071,0.034613,0.026071,-0.037558,6.0621,-999,0,0,0,0,0,0,0.23068
NW15,37.308,37.4196,1005,1010,1,3,0.33333,0.0074405,0.004991,0.0024495,0.01753,0.026071,0.034613,0.026071,-0.037558,6.0621,-999,0,0,0,0,0,0,0.17986
NW15,37.4196,37.5318,1010,1015,0.72,2.44,0.24,0.0053844,0.0045018,0.00088265,0.01753,0.026071,0.034613,0.026071,-0.037558,6.0621,-999,0,0,0,0,0,0,0.12999
NW15,37.5318,37.6455,1015,1020,0,1,0,0,0.0040094,-0.0040094,0.01753,0.026071,0.034613,0.026071,-0.037558,6.0621,-999,0,0,0,0,0,0,0.081821
