FireName,FireYear,area
MYSTERY,2010,76079497
731006,1987,6765358
FOSSIL RIDGE,1957,8965854
BEAR CREEK,1977,1503333767
NIXON FORK,1957,23973288
Middle Fork Kuskokwim,1951,120708831
LONE MOUNTAIN,2010,208808282
832061,1988,32264105
Roundabout Mountain,1999,23116547
Shiniliaok #2,2005,5907294
Billy Hawk Creek,2004,520449
NIKOLAI SLOUGH-BEAR CREEK,1957,11621739
GALENA N-35,1956,89544198
MT HURST N-10,1959,12442403
MOOSE CRK,1990,605453409
TOLSTOI,1990,15206379
Big Waldren Fork,2005,1284048
GAL NE 45,1990,8569089
Cottonwood Creek,2011,43065
Cottonwood,2010,40067
Broken,1991,12938268
4 Mile Creek,2008,638495
Susu,1986,20993554
Innoko,1986,5244657
CLOUDY MT,1972,8550922
DUDLEY,1970,20285182
Hoho,1988,153794836
Jade Mountains,2010,616321
WLK SE 39,1996,4388188
Mishuk Creek,2010,122749
HSL W 37,1990,27292806
TOBYS CABIN,1972,338002728
Galatea Creek,2002,299045117
831024,1988,106466382
MUD FIRE,1984,40240548
Kalyuh Hill,2005,35955088
Innoko 1,2013,6190959
DISH MOUNTAIN,2011,154613808
George River,2013,2349193
Little,1991,31337649
Big Lake,2009,11685126
Fauna Creek,2010,990194
Noatak River #1,2010,128
Navashak Lake East,2010,36569937
Kiliovilik Range,2010,11057527
Ilemyak River West,2010,69405
Kiliovilik Creek,2010,68997468
Shaleruckik Mt.,1971,2786166
SHUNGNAK SW-5,1959,17314639
Shinilikrok Creek,1999,3634572
PitkikLake,2012,181997
ROKETALOI,1997,119045984
Big Yetna,2004,377421272
IDITAROD SW-8,1957,5041983
Village Creek,2013,523918
REINDEER,1997,142488964
Axel,1972,3003877
Kolmakof River,2013,145033
Goiter Fire,2005,39279479
DCKN190,1993,331787554
S Noatak,1976,3207992
REDUNDANT,1974,54223155
832032,1988,839432545
SALMON RIVER,1959,16661141
DONKEY,1972,73255944
531021,1985,17145308
Hammer Creek #2,2005,12882618
CANE,1972,9795569
IDITAROD #2,1959,25697805
PORCUPINE,1993,1047514
CAMELBACK,1985,15002851
KAI 3,1973,3947431
MCG WSW 72,1994,494156
Kok 35,1997,663055
INOWAK,1997,1978921547
Nekakte Creek,2004,231011
NUYAKUK,1997,81165677
Tagagawik River #3,2009,6901162
Piper,2008,40539
Armstrong,1991,303998
,2001,2803849
,2001,39718
Fish Creek,2007,2453816
WSM NW 10,1988,1188210
Tozitna River,2009,20425522
BTT SE 59,1990,83383331
Canyon Creek,2010,1459754
Mooseheart,2000,585078
32032,1990,3915882
Bear Paw Mountain,2005,27200715
TOK-KAN SW5,1957,33609607
MaguireCreek,1999,483647
MHM SE 36,1993,21289437
Windless,2008,3655
GIRDWOOD,1957,866175
Mothershead,2010,18001
Kuparuk River,2001,3384654
132451,1991,1281011
Jim 1,2005,1504013
SAWTOOTH MOUNTAIN S-6,1957,134312418
Toklat,1951,386539365
31007,1990,2645210
Hay Flats - Fairview Road,1950,29792700
Peninsula,2010,21314
MID Ft Rich Complex,2010,2655050
Blind Luck,2008,57335677
WIEN LAKE,1968,108879449
Slippery Cr.,1997,4006954
JOHNHANSEN LAKE,1968,30209365
ISLAND LAKE,1970,11035805
KURTI FLATS,1972,111198552
Homestead,2008,1002249
Allakaket,2012,10864875
Old Dummy,2005,931174749
RIDGE TOP,1969,1237094832
Kanuti River,2009,12933865
Blind River,2009,503087
King County Creek,2005,40733735
Fox Creek,2005,102629311
Tyonek,2014,7656765
CHICKEN CREEK,2011,440554
Mud Fire 731349,1997,101110657
Crash Creek,2009,116569307
BETTLES #5,1959,9847548
TAL NW 35,1990,51847513
BTT S 56,1988,6281487
31031,1990,12029580
331582,1993,31150348
632097,1986,158982178
AMERICA CREEK,1968,32768642
Mastodon,1974,625952
Sethkokna River,1996,24952835
TELIDA MT,1977,32968021
Bear Island,1986,18677827
Fork,1991,16285376
Hogatza,2013,502810
Helpmejack,2002,414285
Siruk Creek,2010,642606
Helpmejack Hills,2011,480366
Westfork,1974,2004077
Gukhzna Creek,1999,6564711
MHM N 36,1993,916605
Chitanatala,1999,1314967
Highpower Creek,2005,465166158
Castle Rocks,2013,51923716
631010,1986,225702913
Foraker Pond,2009,81390502
MHM S 28,1986,12809104
SWIFT FORK,1977,11020508
TODATONTEN,1981,94942045
Iniakuk River,2005,251216
Hot Springs Creek 1,2007,18879036
Bering Creek,2000,567685391
Little Mud #1,2005,392738
Telsina River,1972,880598
Tanalian Mt. Fire,1953,50486143
Little Underhill,2005,1171049
Moser Bay,1997,59779369
Chip Cove,2002,2132782
Norutak Hills #2,2004,63278955
Kigalik River,2012,8213117
Klikhtentozna Creek,2010,13986509
BTT SW 81,1987,581816
531149,1995,368834
Bakatigikh Mountain,2005,47065769
HUS SW 30,1994,1102420
HUS SW 23,1985,5375042
Nayuka River 2,2010,1022949
Melozi,2012,6973412
HUS S 20,1995,3112217
West Fork,2013,8999598
BLACK SAND,1968,3560942
132241,1991,358899275
Little Mud,2013,105956936
531035,1985,137197631
HOYLE,1990,121250106
NORD,1990,1619383
HARRY,1985,9733238
BIG RIVER,1969,23178565
Sheep Creek,2014,8009265
Fish Lake,2003,426183
613009,1986,16423394
Coleen Mountain,2005,460284900
South Coleen,2007,6962417
Tiinkdhuul,2011,2592049
Chicken #1,2004,1285001045
Bullion Creek,2004,62453922
,2001,626767
Porcupine,2004,1142437370
60 MI BUTTE,1994,752015
FYU NE 80,1985,122666558
Boulder Creek,2004,252772151
Sheenjek 2,2010,5693451
Coleen River,2006,63401366
LADUE RIVER,1994,2030067
SMT S 25,1986,17791043
Judge Creek,2010,5815127
531053,1985,10489514
NATION NE-16,1959,12111767
Mission Creek,2005,135041302
Champion Creek,2004,62567879
10 MILE HILL,1994,682911
Ladue Fork,2013,31973365
Fairplay,2006,4813486
Bitter Creek,2013,9057795
KENNEBEC,1982,129422367
Midway Lake,1998,1988319
FYU S 39,1987,31590780
Preacher Creek,1950,10448743
CEM S 13,1990,29586520
STONE BOY CR,1994,1643835
Tract 12,1984,12228358
EDGERTON,1969,15037638
Preacher Creek,2005,278487125
Crazy,2004,208793644
TEUCHET #3,1990,4872025
Preacher Creek,1951,11537407
Camp Creek,2004,720696156
BUTTE CR,1993,2103159
SAND CREEK,2003,199916575
Henderson,2008,2116624
Rock Slough,2009,249829884
332557,1993,841004810
Rock Slough,1943,22583040
LITTLE OVERFLOW,1969,12004101
WOODCHOPPER W-10,1957,46140929
Cobb Lakes,1942,2750572
Gilahina,2011,5060383
40 Mile Yukon,1953,676643289
Sucker River,2004,335838
732061,1987,5649586
CIRCLE,1979,50231937
Rosa Creek,2008,141906
NINETY EIGHT,1969,197199736
Oklahoma 2,2009,154114658
100 Mile Creek,2014,93392659
BIG W 17,1983,134592366
DTA-Oklahoma Range Rx,2012,32560055
Tulsa Lake,2003,148559
232034,1992,910858
Hillbilly Lake,1996,66043526
Delta Creek,2010,210954
MOUNTAIN CREEK,1969,69502908
Orenzik,1946,3258110
Stevens Village NE 70,1953,23691746
CEM E 55,1991,151745283
22 Mile Tok Road,1947,75423133
Donnelley Training Area East RX,2009,3015207
Deadman Island,1996,139988824
CHRISTIAN VILLAGE SW15,1954,4979152
832093,1988,109083336
Refuge,2004,22341
GRANITE T,1990,13933009
Vrain Mountain,1996,609377
132306,1991,5428504
Stuart Creek 1,2013,1009505
ANACONDA CREEK,1967,5985985
YTA Fall RX pile burning,2010,1554911
MILITARY 1,1976,25598300
CEMWNW93,1993,10726288
WICKERSHAME DOME,1971,55299060
Red Fox,2010,7358
ROCKET 4,1957,698822255
Hastings,2011,92717918
East Buttons #3,2005,1150248
BTT ENE 71,1977,11386041
FYU W 97,1991,1034624
O`Keefe Hills,2005,345659
FYU NW 92,1988,83899528
LIV N 18,1991,194779363
Dall River,2000,3389973
Mud Fork II,2004,27864623
Cascaden Ridge,2010,60885447
Tolovana Flats,2000,14621228
Bull Creek,2003,255870
Beaver Creek,2004,596594
Engineer Hill,1999,1097739
Eielson,1987,36853536
Kanuti,2013,386794
Gold Creek,1997,3623376
Small Arms Range,1999,1641244
Chena Lakes Flood Plain RX,2010,1630381
331691,1993,371342
BEAVER CREEK,1956,29516790
VEE SW 24,1991,72976038
MCCORD CREEK,2011,30954605
Three Sleep,2010,42520492
STV SE 18,1979,9036212
SANDHILL,1969,5183949
Nuyakuk River,2013,9693663
Cutler River,2010,5123
Meshik River,2006,6491562
Ekiek Creek #2,2002,589538
Kugarak River,2010,2597372
Kerulu Creek,2003,163328351
GAL NW 142,1994,678953
WLK SE 40,1996,10367293
GAL NW 70,1990,945772
Tagagawik,2009,36416619
Gisasa River,2005,211072934
NULATO S-10,1956,601589249
The Real Thing,2003,1691851
Simels,1997,1396407043
PUFF,1972,28153636
Hammer Creek,2007,20365238
Hammer North,2005,1254308
Dishna,2008,1079114
DISCOVERY,1968,114448255
Innoko River,2006,828690
DONALD,1972,9586227
IDITAROD,1967,10421662
Iditarod,2006,2770780
Michigan III,1996,2615832
HOLOKUK #1,1957,4800062
Klut Creek,1997,3865173
Albert Lake,2005,215190
TIMBER,1993,56099298
BUCK MTN.,1997,20324076
DISCOVERY,1993,101592422
Russian Mtn,2008,170340
IAN NW 70,1983,3112451
Tight,1974,1354705
Uluksian,2007,3903740
HOTHAM,1972,17916969
Sisiak Creek,2004,1334031
Little Kazusuk River,1971,2448705
Hotham Peak,2010,1842748
HILL 1224,1957,623972581
Dactylic,1972,807167
KAIYUH,1965,5141862
Jungjuk Creek,2013,24696
MONTANA,1993,189096
Lake Tutusirok,2011,1479908
IAN NE 25,1982,649111
Okoklik Lake,2003,4416266
Little Cottonwood Creek,2007,75356
GMT 35,1984,90988
Tag River #4,2002,5259489
432250,1994,4828263
UNKE29,1993,11737824
KAL SW 33,1996,529390
ALAMEDA,1970,7952773
W Fork Buckland River,2010,232840
ANVIK RIVER,1957,1602702628
Atchuelinguk River,2004,1331531
Hawk River,1997,34010036
Stuyahok,2005,20751879
Columbia,1991,763322
Hawk River,2010,40458256
31006,1990,29330702
Ukit,1974,4141169
GAL SW 107,1990,44767
UNALAKLEET RIVER,1968,3743304
YELLOWHEAD,1972,8895370
GAL SW 108,1990,44730
132687,1991,30996403
Unknown001,1972,9144009
Kalskag,2002,16526224
IAN NW 30,1991,35769831
Mukachiak West,2004,4255
GMT NNW 12,1977,45342704
AKULIK RIVER,1972,33514886
Kiwalik River,1972,1204567
NANVARANAK LAKE,1997,1303214
DELOME RIVER,1971,258340417
Dry Gulch,1972,3633905
Milepost 85,2002,86539683
Big Sitdown Creek 2,2005,46615865
Snow Shoe Creek,2007,154682
RIDGEWAY,1967,36164765
Runt Fork,2004,96730585
Tindir Creek,2008,1706722
Tinder Creek,2007,2053822
Boundary Creek,2005,526110444
932011,1989,398908
Border,1986,5460550
Mt.Terrel,1999,46844930
Uvgoon Creek #2,2012,1159368
OTZ N 55,1988,57285338
Reindeer Creek,2010,1607652
32060,1990,1342380
KOYUK #1,1956,50772619
KUYUKUTUK,1984,25179156
EAST ANDY II,1997,1656642
Nageethluk River,2009,22899883
Takslesluk,2004,136760
Appel,1991,16014296
Graham Creek,1972,1314390
Porcupine Ridge,2008,465530
Colorado Creek,2002,327741851
Folger Creek,2008,2026268
Two Mile,2002,1115452
MCG S 60,1981,15634853
Tatlawiksuk,2004,508812
204005,1982,8265338
SWIFT,1993,117746293
HOHOLITNA,1972,4430308
HALFWAY,1972,6462058
GAGARYAH,1994,1846823
Stoney,1991,32806100
DUMMY CREEK,1997,458140
SPARREVOHN #3,1957,56504937
Kubugakli,1992,852018
Iliamna Lake,1943,24117172
Pah River Flats,2011,42725
Lockwood Hills 2,2012,270719
Koyukuk River,2010,491241
432225,1994,51750244
Dulbi River,2007,473020
GAL NE 38,1994,13794133
DUBLI #1,1956,10011210
GAL NE 35,1994,2925224
CAMP CREEK,1971,2670183
531044,1985,975361
MINNIE,1990,4272109
LITTLE SO.,1990,1128779
Hoholitna,2002,7644219
Billy Goat,2008,185109
Titnuk,2014,1274732
Titnuk Creek,1997,277218384
MULCHATNA,1954,377527739
CHICHITNOK,1994,920818
Fauna Creek West,2010,703
Naknek - south,1997,1066301
Noatak River 2,2010,263
Noatak River,2011,2842147
Imelyak River,2010,411025
Natural Out 1,2013,3771
Grass Lake,2004,5695620
Dahl Creek,1999,403115
Natlaratlen River,2000,34264002
Octopus Lake,2003,2453029
Camp Creek,2005,390639461
East Fork Yuki River,2005,317876549
331394,1993,53453
YUKI RIVER,1968,8486515
OPHIR N-12,1962,4556737
GALSW55,1993,868293
TAKOTNA,1957,73146615
Moore Creek,2013,633492554
NUNSATUK,1997,3586717
DISHNA,1990,18075093
332229,1993,46312643
Chick Mountain,2005,389982420
REDOUBT,1972,5581993
Candee,1972,2361869
Dishna,2005,107653413
TRAIL,1997,61546961
Michigan II,1996,2611231
Michigan I,1996,5248323
MURRAY,1993,1065411
KILIOVIL,1977,647670798
Imelyak,2010,295209
SHEKLUKSHUK,1997,3954040
Bismark Mountain,2004,835320
Bismark Mountain,2007,1671434
HSL N 48,1991,13544736
DCK SW 50,1994,68278996
HANK RIVER,1972,49065600
GAL  S 51,1986,47716267
GAL SE 57,1990,369976
ENGLAND,1971,103454968
Qguohaydok,2013,357739
CANOE MTN.,1990,66090272
NAPAIMIUT,2008,71926
GORKEY,1972,40507173
CHUKOWAN,1997,1921093
TIKCHIK,1997,20833141
Snake River,2012,66621928
Dollop,1974,3817132
Bobbie,1971,872697
Old Woman River,2005,9990853
Ridge Top,2013,9906400
Noatak River 5,2010,70073
KOBUK #6,1959,65746355
Nanielik Creek,2010,26081806
Gisasa River,2011,12657017
South Kotol MT.,1953,41766853
LITTLE MUD RIVER,1972,40963962
INNOKO FLAT,1969,143806552
Yetna River,2002,325219560
PEPYS,1968,20516857
Swinging Dome,1989,106811851
FOX HILLS,1972,14369668
431299,1994,13205444
BearPaw  Mt.,2000,147598055
Little Caribou,1997,216225
BTT N 49,1986,1477399
Kutchik River,2010,1714758
31058,1990,9313821
Wild,2007,8498431
Pitchuk Lake,1999,313311
John River,2008,6657358
Crooked Creek,2000,1076135
Fickett Creek,2011,1950817
Cosna River,2007,2714531
Jordan Creek,2007,33716297
Toklat,2005,6971085
JBER Davis Complex,2014,112634
Ft. Richardson Rx,2009,3159928
Irish Channel,2005,4336313
Prator Lake,1996,491446
Kuparuk,2007,6781038
BTT N 18,1984,1482546
832103,1988,57599662
FVM SW 8,1977,80457929
GURKY,1968,264494594
TAL NE 36,1984,9634709
31062,1990,129489375
Katalahosa,1999,621867
Banddana Creek,2010,107058
BTT SSW 55,1994,8915537
STRAIGHT CREEK,1972,15557146
BTT SW 61,1990,10163115
CROOKED CREEK,1969,846919
Slokenjikh,2000,462828
Tanana Village,1953,16163513
Tanana N8,1953,21629725
Boney Creek,2004,394675
Ten Mile Creek,2000,2942785
TAL N 17,1991,3605094
TAL S 27,1993,29602573
MOREN DOME,1968,92492447
TANANA E-17,1959,6800017
MHM E 32,1991,39295097
Zitziana,2000,659595321
Sled Roads,1996,18204971
Muddy River Fire,1951,71990044
Chilchukabena Lake,2013,2245296
MHM SE 27,1986,9877454
MHM SE 36,1986,5698362
Cohoe Loop,2006,261963
MansfieldAvenue,1999,616075
Crooked Creek,1996,55227278
Alatna Hills,2007,877584
Davis,1946,16108544
Titna River,2005,26399743
Lynx Creek,2002,31586659
TAL SW 53,1990,18213158
MHM N 46,1991,28145148
VON FRANK,1969,9767529
NONA,1968,134477279
OLD HARBOR,1994,613140
NIITLTOKTALOGI,1969,1844704390
WAY UP N #2,1985,7533461
Siruk Creek,1999,16648072
Hog River,2010,4455862
TEN TEN,1971,31580792
Little Indian River,2012,61281348
TAL NW 44,1985,6156982
Chitanatala Mountains,2005,143137716
TAL S 76,1990,27832136
Slippery River Fire,1952,10798843
131492,1991,58776884
AZTEC,1972,5083401
TONZONA,1972,10855823
Kanuti River,2010,55398
BTT W 47,1977,7411929
Hot Springs Creek 2,2007,19445910
Grant Creek,2000,77215954
31012,1990,19880218
GRAND CREEK,1968,56366711
Batza,1946,60969241
HSL E 20,1979,35622430
KOKHILA HILLS,1997,146554973
Big Creek,2007,13710348
414048,1984,3762890
Big Creek,2005,560614
Cranberry Ridge,2013,66114
Lone Mtn.,2005,54096386
Big River,2009,133584754
North Swift,2013,1548223
KATLITNA,1985,32545167
Kitalitna Creek,2005,7376023
HUGHES NW10,1954,11287697
NOWITNA,1966,206577607
Sams fire,1997,1867836
Smith`` Slough,2000,2711247
KOKWIM,1990,438976199
WELL,1972,112827726
REED RIVER,1997,19040895
Larsen Bay,1996,12615309
SMALL LAKE S-16,1958,123176295
Crazy,2002,6404045
Graveyard Creek      631360,1996,45578772
Birch Creek,2013,99979518
Jagged Ridge,2009,216170551
Puzzle Gulch,2009,8242781
LOST CREEK,1997,1935073
Birch,1999,80982317
Porcupine,2003,4795174
Healy River,2010,299082
SHAWNEE,1990,39482771
ARC N 15,1990,3751587
Tchulkade Lake,2010,62399604
Little Black One,2009,1401460085
CIRCLE 6 NE,1975,5563280
EUREKA CREEK,1972,4910964
CHP ENE 34,1986,179507689
Fourteen Mile Two,2009,287926
SAND CREEK,1957,3609213
Monkey Girl,1996,149795540
Mansfield Mount,1992,83663
Eagle Trail,2010,72088120
Dot Lake,2005,358154
Moon Lake,2013,97915920
Lackina River Fire,1948,56524786
12 Mile Slana River,1948,8494793
Koness River,2012,6730550
Sheenjek,2002,71885740
Lower Mouth,2004,350538439
832064,1988,1140893483
Yellow Creek,1996,35158568
Slender Smoke,1996,149569217
Munson Creek,1983,86976979
Munson Creek,1950,36059169
S.W. Butte,1950,70338430
FROZEN FOOT,1993,4402817
Stuart Creek 1,2007,1869758
Stuart Creek 2,2008,2098946
South Fork Chena,2010,3917070
Carla Lake,1998,218460336
Mississippi,2013,270605799
100 Mile Creek,1996,320019399
FYU NNW 87,1979,11496442
Marten Creek,2013,2809318
FYU N 37,1986,94966039
FISHHOOK,1969,1609574937
Bolgen Creek,2004,809827120
COPPER CANYON,1958,21682609
MID Texas Range Rx,2010,4354934
Birch Creek,1944,385532175
RAINBOW,1994,1201444
Canvasback Lake,2009,345747
Veh-Tenjerlow,2008,5165
Steele Creek,2014,191452
BROCK ROAD,2009,281767
Qual Range,2007,8238947
Ft. Greely 1,1979,438549591
FAI E 11,1991,3437895
Dry Creek,2012,189215845
Cache,2004,19510961
FAI S 27,1992,724150
732076,1987,154725550
FAI N 36,1995,745374
LIV E 19,1995,34461648
GLOBE CREEK NW-5,1958,20936535
ROSIE CREEK,1983,27480622
MILITARY #6,1990,30370919
SALCHA MILITARY,1966,191716610
Oklahoma Range Rx,2004,85499322
Oklahoma,1997,10231108
MILITARY #7,1990,62779785
331603,1993,2138810
FYU W 56,1994,11194664
ARC SW 48,1988,854626
CEMW62,1993,18220937
Big Creek,2009,680349671
FYU SW 64,1991,575681
VICTORIA CREEK,1957,37685195
MID MOOSE CREEK RX,2010,817985
Moose Creek Complex,2014,289434
WOOD RIVER BUTTES W-10,1957,51223298
Chatanika,2010,2588668
Francis Creek,2011,7478961
Rex Creek,2009,405934236
Big Rex,1991,6010410
Slate Cr,1987,8893482
June Creek,2009,661604
BEAR MOUNTAIN,1996,484184
Anderson,1942,9541951
Hodzana River,2004,654548531
Side Creek,2009,231229
Waldron Creek,2004,28164336
TOKLAT RV,1993,17513168
Minto,1983,107777373
DRY CREEK,1958,70814377
TATALINA RIVER,2011,13110195
East Buttons #1,2005,2428707
Wood River,2004,28061162
West Buttons #3,2005,36803
East Buttons #2,2005,542800
LAKE,1969,12962368
WBQ W 34,1977,261538596
FYU NW 97,1988,4763553
LONE MTN. W-15,1955,33043658
ROGERS CREEK,1955,4040093
Myrtle Creek,2004,25154242
Tatalina,2007,121432
Erickson Creek,2003,469935144
NENANA W-20,1958,11355327
431460,1994,1245090
FISH CREEK #1,1957,158216803
Isaoktuvik Creek,2011,1792
KIANA SE-10,1959,7485868
Unknown002,1972,2034553
MEANDER,1970,15185855
Kokopuk Creek,2010,17555
Tipooktulearuk River,2010,12568672
Goblet Creek,2002,15621849
Grayling Creek,2005,184425516
PAIMIUT,1997,13893090
Otter Creek,2005,12450978
Poktovik Creek,2004,1202697
Desperation,2011,371
GAL NW 98,1990,716865
Box River,2000,22195420
UNK E 28,1991,154907
832080,1988,3722616
UNKESE31,1993,6537771
HOLIKACHUK,1957,1730148316
ELLIE,1974,9818921
Doestock Creek,2013,116913626
ANI-SE 25,1981,231378561
ANTLER,1972,6864514
Moly,1991,23155659
Aklummayuak,2005,4505944
Noatak East Base,2010,236188
Noatak River,2010,416515
Eli River #3,2004,46231
Allman Lake,2014,2248356
31056,1990,13245671
NAGEETHLUK,1973,42108604
414057,1984,6190909
ANDREAFSKY,1974,10125199
32022,1990,925267
PUTT,1971,33820208
HUNKER,1971,11801979
Benny`s Bog,1972,2546906
532391,1995,11732819
POKTOVIK,1972,20382559
PACK SACK,1972,3010802
Noorvik Landfill Dump,2010,309731
Otter Creek,2008,193353
TOLSTOI,1955,11022655
GOLSOVIA,1973,13024264
Kuskokuak Slough,2012,172681
OTZ N 90,1977,2695706
Rok North,2010,53502405
Agashashok East,2004,874
WTK N 60,1984,17915343
OTZ N 70,1994,1495573
OTZ NW 70,1994,11197700
Ettrain Creek,2012,1186611
Bull Creek,2010,168091851
Jessica,1999,197926231
MONTAUK BLUFF,1969,63319415
EAA N 31,1994,843830
NATION RIVER,1957,18963593
132416,1991,1059939
Smith Creek,2005,68129611
BIG CREEK,1994,1165293
CANADIAN,1966,1344202431
Tetthajik,1999,37773721
FYU NE 96,1987,28974698
Tik Hill,1987,14394986
Lava Field,2010,62711
RAINBOW CAMP,1956,32813679
Kivalina River,2012,2143031
CAIRN 4,1971,87459354
ELLA,1971,112437029
IMURUK BASIN,1954,1665008293
SHH SE 38,1977,73267157
Salmon Trout,2007,1185547
BLACK RIVER NO. 1,1959,84339718
FT YUKON,1960,25607432
Deacon`s Rock,2008,1361560
531018,1985,220707058
Mardow Creek,2009,35113277
Bear Nose #1,2002,777287
Coal Creek #2,1950,96037937
Charley River S. #2,1950,72029043
Koness,2013,6144233
Ridge 3675,1989,1021446
Yunle Lakes,1996,89865038
132562,1991,581370123
Sheenjek River,2008,35144156
Chatritt Lake,2004,821264
Big Mountain,2007,10863445
FYU E 75,1992,10004003
Salmon Fork,1999,1013917
Wood River,1999,31027625
Kandik River,2005,619409713
Hard Luck Creek,2000,1367224
Deer Creek,2004,413629222
NATION,1968,22111676
Trout Creek,2005,25145058
EAA SW 42,1994,3752352
Dennison Fork,2013,142966
532274,1995,719947
Stuver Creek,1989,14068986
Bitters Creek,1997,3838708
Slope,1972,9995837
MOTHER,1968,7977674
MELLICK,1972,15696229
FLAT NW-2,1959,5088005
VREELAND,1967,13338493
TAYLOR,1972,1625886
Cutler River #2,2010,196794
Feniak,2012,6290024
Kateel River,2007,1377634
Hour,2002,571880
Nulato River,1999,38404
HUNGER,1970,77045981
KHOTOL MT,1968,43560651
Pike Trap Lake,2013,86560
Eddy Creek,2001,7193723
832097,1988,206270027
MT HURST W-10,1959,16245724
MCG NW 60,1981,2687371
HORSEFLY,2007,8507913
LAST CHANCE,1968,30955508
Hammer Creek,2013,17124963
DEADWOOD,1997,23138548
Aklumayuak Creek,2003,1159189
TAK,1971,23688941
Salmon River,2003,2187050
OTZ NE 100,1985,21543188
Tag River #1,2002,160556851
Rodo River,2004,34978025
KATEEL RIVER #5,1957,
22 MILE CABIN,1968,4182633
BULLFROG,1968,6890257
Bear Creek,2004,16319799
FOXHILLS,1993,605972
MCG NW 60,1984,14394775
UNK-E-55,1983,74506680
SOUTH FORK NULATO RIVER,1957,208239294
Julie Creek,2013,2831963
KAL S 42,1985,1539143
IDITAROD FIRES,1957,312056933
OSKAWALIK,1997,9684608
Kogoyuk,1989,22924842
NORTH HORN,2006,10974169
OKSTAKUK,1980,6925720
VICTORIA,1972,15522899
Winter Trail,2009,9273149
Noatak Grand Canyon,2012,18344065
ORV SW 7,1988,1752655
Maiyumerak Creek 2,2011,107
Koyuk River 2,2014,646083
CABLE,1972,26889518
UNK S 30,1985,93988
UNK S 40,1985,1952041
Tundra George,1997,845682
ANVIK RIVER 1,1962,30000807
Owhat River,2009,543854
WTK NE 50,1984,6617952
Discovery South,2008,14047240
Napautokik Creek,2010,309088
Grand Canyon,2003,459535
Watch,1970,3790816
AUGUS,1977,1060675074
GMT ESE 42,1977,253712969
Goose Creek,2007,131257
NIGIKMIGOON,1972,29267201
Ungalik River,1997,4738527
Unalakleet River,2007,1522182
LITTLE BEAR,1972,41627821
KGX NW 19,1985,1661265
St.Marys Dump,2010,27080
Pastolik River,2007,2778149
Reindeer,1992,1239113
Kashunuk River,2008,1770585
Oregon Creek,2004,34727907
Esperanza Creek,2007,433255
Hobbs Knob,1972,2928103
AROPUK,1971,3260011
Cowpack Inlet,2007,54895
Kivalina River,1999,15154273
GAL W 190,1990,47499936
Squirrel River South,2010,1332398
AHKUTA,1974,55804474
Kiwalik,2011,3967299
Five Day Slough,2006,1965416
GMT S 12,1977,827038847
OTZ NNW 38,1977,455431643
Johnson River,1972,6331689
Evaingiknuk,2010,20274043
Goldbug Creek,2010,11092296
KUGRUK HI,1977,1050511890
132239,1991,7108549
631605,1996,242521
Pastoliak River,2000,51758466
Alatna Hills,2002,441966
Utopia,2010,52997
Kokrines Hills,2012,14920168
BAKER CREEK,1969,38158827
TITNA,1957,455442637
TELSITNA #2,1959,13149666
Nowitna River,2012,89753903
TAL SW 63,1993,1264608
TAL SW 62,1993,258556
Grand Creek,2002,15150465
Telsitna river,2005,746673
Holonada,2010,31722617
TAL NW 38,1981,121546092
BTT S 48,1992,117812710
Boney Creek,2005,251009600
Redlands Lake,2010,12273676
Chitanana River,1996,236917349
TAL S 27,1994,29496577
TAL SE 87,1990,100687798
MHM N 25,1991,170166129
MHM S 40,1994,4369945
AMOS LAKE,1969,25905678
31063,1990,70425820
Kluchay,1986,26666033
Frazer Lake,2000,2546766
MULCHATNA,1981,20489243
Lake Minakokosa,2007,521345
31045,1990,16093925
SELB SE 17,1978,7212772
Asiksat Creek,2011,195312
DCK SE 40,1986,18493215
832076,1988,15817189
Hochandoctla,1996,16343782
HUS NW 23,1985,58488888
Nowitna,1954,248838981
GAL NE 50,1991,26982390
Pontag,1996,798889
CORRECT,1971,210076876
Baby Creek,2009,2082016
TOZITNA,1954,
Hadolitna Hills,1996,4805472
Little Mud,2009,203512788
631039,1986,22344676
Lost River,2010,61521951
Nowitna #3,1953,398805869
Sulatna River,2013,192944350
Soda,1991,23031105
East Fork Hills,2004,5965842
Von Frank,2013,1597321
Berry,1991,3799687
BOATMAKERS,1971,1971735
Little Bonanza,2008,203555
GAL NE 44,1990,2354673
Yuki River,2010,37652011
Holtnaka,2002,92399639
West Fork Nixon,1997,208523694
HURTEN,1968,6892229
Colorado,1986,6144648
Page,1997,634924
Cheeneetnuk,2009,150735039
DOMINION CREEK,2010,2465262
MULCHATNA,1993,4132059
631588 Antelope Cr.,1996,36071446
NIX,1969,107090994
SULATNA,1994,872269
Middle Fork,2013,738610
Big River 2,1998,1124998
Can Creek,2013,26477017
Mt. X,1996,240815
ILIAMNA,2003,21950269
SPARREVOHN #4,1957,25861590
PAH RIVER,1977,213887613
832083,1988,62571712
PRF,2008,3278811
HOLIDAY CREEK,1971,6987807
Hahanuta,2011,71193
Naknek,2009,77140
George,1991,15328162
North Aniuk River,2011,7851919
Aniuk River South,2010,809
Kiliovilik Creek,1999,8264486
GAL NW 109,1990,1264538
531042,1985,2258870
HSL NW 50,1991,3089233
GAL NW 110,1990,3164091
DCK SSW 50,1994,796463
PURCELL MOUNTAIN,1954,371514340
Bonanza Creek,2004,1067029925
Ingruksukruk Creek,2010,391207
GAL S 55,1990,311583
331653,1993,39386038
Zane Pass,2005,9748152
NIKABUNA LAKES,1957,62892568
DCK SSW 21,1993,4077104
Kuikcherk #1,2012,1745478
J C MOOSE,1974,19095037
HSL S 10,1984,12862136
Holtnakatna Creek,2005,778405928
KNOB,1990,568831
Steel Creek,2005,821036
Waldren,1991,50426092
Shoaty,2004,698006
CHARLIE,1972,36709532
Oklahoma (DTA West),2014,221715418
CEM SW 50,1992,13830826
232035,1992,3925921
McCoy Creek,1999,20472304
Tazlina Lake,1991,26920174
MILITARY #8,1990,102753788
Chandalar,2013,62256403
332407,1993,2700764
COLORADO CREEK,1959,32481915
FYUNW57,1993,2036355
Ptarmigan,2003,821536
Ft WW Small Arms Range,2013,8164500
Badger Road,1951,7769666
FT WW Small Arms Range,2014,315689
VOLKMAR LK,1993,1903465
Caribou Creek,2013,5763863
GIESE FIRE,1993,3922990
Delta Barley 8,1979,24957422
Jarvis Complex,2014,3880585
Gilles Creek,2010,78024344
S.W.-Ft. Yukon,1950,47283149
Granite Tors,2010,31643218
CEM W 26,1990,34537511
32019,1990,3253817
ROCK CK.,2000,3161455
Un Chena,2002,17955422
FAI E 35,1980,14720320
131459,1991,665686
BTT SW 60,1991,14244525
Steven`s Village,1950,12705437
Coal Creek,2011,95996061
Minto 1,2004,39927121
SLED,1973,37391237
ENN SW 9,1977,6624416
Buffalo,1942,22408164
Teklanika,2006,570219
Plumley,2008,62896
Eklutna,2010,2831010
Tractor Trail,2001,13068836
BLAIR NE 6,1981,20214305
Tabert Lake,2013,5983433
Hadweenzic,2003,771698926
Venetie,1950,
Long Lake,2005,1929458
WBQ NW 25,1988,286237947
GOLDSTREAM #1,1958,11898200
832002,1988,28901314
Moose Mountain,2011,3442854
Wood River 1,2009,503137412
GOLD STREAM,1966,27848160
West Buttons #2,2005,646134
Willow Creek,2004,27836337
Eagle Creek 2,2009,39034119
JUNEAULAKE,1997,36289
BTT NE 25,1984,467965
Eagle Creek,2009,3886495
Florence Creek,1971,2409198
Florence Creek,2011,699073
32023,1990,625574
KANUTI,1972,11391491
Stevens Creek 1,2009,344634331
Marshall Creek,1999,86817436
Kantishna River,2009,125760885
631305 Stevens Cr.,1996,15278210
Upper Otter Creek,2000,20887359
Chitsia,2000,37464504
John Hansen Lake Fire,1997,1716384
Moose Pass,1986,652298
EAGLE LAKE,1976,4014589
South Fork,2005,445894
Hodzana River,2007,72371857
31037,1990,13333176
BEAR LAKE,1990,6494073
Sawtooth Mtn. #1,1953,6593524
Dugan Hills,2004,1432660
631016,1986,5093879
Bear Creek #4,2012,35296640
Bear Lake,2009,13421361
Kantishna River,2007,2468029
DENALI,1982,42353500
Bean Creek #2,1992,558267
MILLERS REACH 2,1996,150067915
Bent Tree,2000,967765
MHM ESE 23,1986,18302214
Cosna River,2012,614752
COLLINS,1969,82785099
MHM NE 22,1993,3212371
Birch Creek,2005,291157
McKinley River East,2013,17829157
Oilwell Road,1989,2034711
332672,1993,3837175
BTT W 31,1990,8656878
Mettenpherg Creek,2005,661021
TAL N 25,1993,113114790
Deadman Mountain,2005,624645
803007,1988,3191596
Xerxes,2013,11224
Winter Road,2000,1460841
GLACIER LK,1994,368552
Goose Slough,2008,10281358
Winter Trail,2010,449985
Tozitna River,2007,2392251
TAL N 47,1990,284200033
TAL NE 80,1986,7533703
Chitanatala,2010,146985597
Kanuti River,1953,64753114
John Hansen Lake,2002,103338974
TAL NE 17,1990,944948
MINCHUMINA NE-15,1957,31588151
Moving River,2013,137170134
Maiyumerak Creek 1,2011,368
GINGER,1974,18952330
Deviation Peak,2005,2240274
Noatak River,2014,3006807
IVA,1972,45113213
GRANITE MTN,1960,166653162
BET E 11,1984,9585969
Avan River,2010,2628483
Surprise Creek,2003,2204021
SISTERS,1972,45002349
Salmon,1975,24778395
ALBERT 1,1984,3843367
SHAGELUK E,1957,
SHAGELUK,1959,5991335
Landmark,1987,17179428
BUCKSTOCK RIVER,1997,677049
Hamilton,2005,1801828
MANY LAKES,1997,212406391
Fish River,2011,128866614
Otter Creek,2012,19056841
INGLUTALIK,1971,91447371
Ulukluk Creek,1971,525060
PEACE RIVER,1997,11165274
Bilge,1977,5752276
25,1985,84621
South Fork Archuelinguk,2007,1002853
FISH VILLAGE E-15,1962,15187401
Kgun,1991,1407367
BET NW 105,1993,1349147
31057,1990,1085562
Muskeg,2005,1033629
,2001,3228353
11 Mile Fire,2005,988697
Runt Creek,2007,39330002
Salmon Trout,1999,9635931
Allman Lake,2009,71905072
KSM SE 18,1985,168595
832090,1988,2073577
East Andy,1997,428622
LONG LAKE,1972,9743000
ANDREAFSKY RIVER,1962,4177769
GMT NW 35,1979,4904309
Eli River,2010,57698443
PASTOLIK,1973,16703455
132227,1991,496017
POM,1972,5430384
Pilot Station,1953,61547979
Smitty,1972,6321089
731015,1987,28612707
Big Timber Creek,2013,34580346
WEST FORK,1966,777705145
Unknown,2009,11241392
Dennison Fork,1995,6835370
FYU NE 85,1990,1738797665
Grayling Creek,2007,21723399
Coleen River,2008,308340
Biederman Bluff,2007,688610
FYU SE 82,1994,1626822
Charley River,2007,11528644
Anomaly,2004,78937103
Woodchopper Creek,2004,59779029
531004,1985,4949894
EAA N 47,1991,10549987
Big `Ol Monster,1999,93064426
LADUE RIVER,1990,19651058
Walker Fork,1998,13310009
Beaver Creek Fire,1953,56459904
Dennison,2006,12572667
Fishhook Bend,2007,560857
CEMNE62,1993,31308988
FYU E 76,1994,124427238
CABIN,1971,25971235
Big Duck Lake,2010,14222894
Yukon Slough,2010,10694060
EAA NW 20,1990,457762
32034,1990,195965775
FYU N 66,1975,19855458
832054,1988,14104596
SHEEJEK,1968,12621775
PORCUPINE,1993,18659591
FYU SE 32,1994,1429910
East Volkmar,2011,233087040
South Fork Healy,2010,8848699
Chistochina Trail,2013,128084
932003,1989,2391198
Chotzatdhah,2004,1032902
432116,1994,1617614
Sucker River,2010,1594661
MISSILE,1966,175916271
TOK RIVER,1990,414612892
Dennison/Taylor,1999,26759015
Chandalar Creek,2004,16281989
UpperWestFork,1999,143608171
ARC SE 32,1988,68792671
Vundik Lake,2004,1069695
FYU SW 42,1994,3041477
Little Creek,2008,63358693
Mink Lake,2004,899196
CEM E 30,1979,42663528
Black River,1943,486067271
EISEMENGER 1,1998,135089
Koness River,2007,27493903
Chakina,2009,226655195
CIRCLE E-15,1959,29051489
Big Creek,1997,177428524
Cirle City N 14,1977,250908656
CIRCLE S.10,1954,56798936
Yukon,2004,8523262
Takoma Bluff,2004,33311891
Circ Mountain,1996,150545830
BONE CREEK,1958,8098332
Edwards Creek,2004,1115598779
Sheenjek,2007,4126278
FYU NE 65,1991,85770356
Middle Birch Creek,2004,121499911
22 Mile Village,1951,214486628
Birch Creek,1996,2287637
FYU NE 72,1992,3303791
Tiinkdhul Lake,2008,1384848
FYU NW 59,1992,770423
BUTTE CREEK,1969,1882314473
Grayling Fork,2004,193727068
132339,1991,141675263
Marie Creek,2012,38785752
Nabesna River Fire,1948,24995206
Little Black,1946,684304914
Vundik Lake,2007,3404894
Little Black,2007,14524963
John Herberts Village,2005,68530633
Rock Slough,2004,3135860
Grass River,2006,59667509
32042,1990,529062016
Nuntragut,2002,822909
531047,1985,368745513
Rock Creek,2004,144916328
MID-FORK CHENA,1997,1095671
Teuchet,2003,373550
912007,1979,134669014
Monkey Boy,1996,4577685
CLEARWATER#1,1995,9423471
332265,1993,1221551
JUNCTION,1971,21314117
Granite Creek,1987,181721036
Triple H Circle,2005,356340
Donnelly Training East Complex,2010,8698844
Wills Range Complex,2014,186271
Donnelly Flats,1999,75134489
HEALY LAKE,1990,385654
Shawnee Peak,1997,5890216
Big Swede,2010,15789929
GERSTLE RIVER 1,1995,770451
STEELE,1994,3150510
INDIAN,1990,1549933
BILLY LAKE,1995,4150666
132564,1991,13317613
Winter Trail,2004,1331475156
Sheenjek River,2005,454210759
FYU NE 22,1988,15721086
Fort Yukon #1,1950,12836120
WALSH,1956,48220241
TownMountain,1999,418720
Delta Creek,2011,3280641
Your Creek,2007,665829
Chekhechunnjik Creek,2005,74375371
Forty and 1/2 mile creek,2007,8922060
2 MILE YUKON,1981,16831891
CEM W 67,1990,1787859
Bear Creek,1999,23279077
CASSIER,1990,12864085
FAIRBANKS CREEK NE-7,1958,93108674
Manchu Small Arms Range RX,2007,1634014
O`Brien Creek,1996,1038491
Chena Lakes Flood Plain RX,2009,1354091
Windy Ridge Complex(Bolio Lake),2014,404049
Kocacho #2,2002,100956987
Wilson Camp,1981,59783493
Big Rock Mountain,2002,25040861
Tsooktuihvun Lake,2003,27821013
VENETI LANDING,1969,17325858
Chandalar River,1943,30903503
Hadweenzic 1,2007,1500082
Canvasback Lake,2010,142179358
CHENA DOME S-3,1958,233883327
Preacher Cr.,1997,1247764
STUART CREEK RX,2011,6148849
BOLIO,1981,81953719
Milepost 78,2002,462625004
531335,1995,1224456
Cascaden,1997,510910
Popavich,2010,7852748
Tolovana Dome,2000,2825394
CLEAR,1970,2910532
Pinnacle,1995,402131
Clear AFB,2013,326052
EKLUTNA,1999,1538135
Eska,1942,53780266
Slate Creek,2007,767482
Dalton River Crossing,2014,1615947
Fort Hamlin Hills,2004,394166266
PEDRO DOME,1990,5321305
NORTH POLE,1958,33774038
Midway,1997,1379931
MILE 6 RICHARDSON,1957,1238808
Dry Creek,2005,6576032
Sagavanirktok,2007,12661281
Fossil Creek,2005,25601808
42 Mile Creek,1996,156735462
BLAIR LAKES,1980,475380130
Bonnifield #1,2011,34479416
FYU W 90,1988,288075915
King Creek,2004,162923763
Montauk,1999,1446402
LowerLadue,1999,216145470
Wellesley,1991,75366953
east fork,1994,952868
Porcupine,1946,8666412
Island Lake,2005,5821911
Pingo,1999,168915234
70 Mile Falls,1947,3943760
CEMENT CREEK,1966,96487126
Witch Mountain,2010,5853849
FYU NE 10,1979,15162536
Gardiner Creek,2004,504849227
Midnight Creek,2012,31823715
CALICO BLUFF,1969,102948074
Indian Grave,1999,6955365
Dawson 31,2004,29744449
FUNNEL CREEK,1967,18715828
Windfall Mountain,2013,107523
Oklahoma 2,2010,632273
Oklahoma 1,2010,1079420
North Pork Chop,2013,669150
832102,1988,25860342
Hadweenzic,2010,2613239
CEM NW 60,1992,2151774
Beaver WUI,2006,305917
CEM W 58,1992,312340
CACHE MOUNTAIN,1955,11227059
Mk 19 Range,2003,3088369
FAI W 10,1991,535251
FBK Small Arms Range RX,2010,8138494
Angel Creek - Chena Dome,1950,10019298
SALCHA TR,1990,8727353
FROZEN FOOT,1990,16782168
Stuart Creek 1,2010,4520619
Beaver Creek,2000,13558152
South Fork,2001,1011031
EIL NE 20,1976,22986168
YTA-Stuart Creek,2012,4915974
Stuart Creek,2005,492625
Brigadier,1997,3911787
Oklahoma Range RX,2007,81070426
TOLOVANA,1981,117074288
Skinny`s Road,2013,7202495
Healy Creek,2011,722143
Cod Lake,1999,662852
HEALY,1958,157577360
ANDERSON,2010,3380
West Buttons,2005,13634098
HELMAUR,1999,911565
132376,1991,224538792
BTT NE 51,1993,504894
Whymper Creek,1998,2518244
32027,1990,2693477
Applegate,2010,69988198
RAMPART N-2,1959,3800726
BLAIR LAKES #2,1957,5827516
IOWA CREEK,1971,61042709
Clearwater Creek,2013,407594
Blair Lakes,2006,41140
Big Bend,2004,6306192
WBQ NW 30,1988,133797702
Aggie 2,2004,13338554
Globe,2002,1295559
Oxbow,1996,388846
STV S 10,1979,12859549
FYU W 82,1979,936552009
ROGERS,1967,115016258
Fish Creek,2005,407453896
Hess Creek/731444,1997,5483832
Fork of the Forks,2000,670077
BANANZA,1968,83966789
Dall City,2004,1938069389
Middle Fork,2007,3353402
Moose Creek,2002,366812
CLEAR CREEK,1968,384189668
TAL NE 37,1991,81691215
Sandless Lake,2013,240279884
31041,1990,19678907
231239,1992,3929394
Chitsia Creek,2004,6562485
Bear Fire,1997,4838762
Bearpaw River,2004,512602
Thursday Creek,2002,6833497
Ruth 1,2009,1005502
TEKLANIKA 2,1990,2178913
CLEAR,2000,11149663
NENANA W-30,1958,35207998
TEKLANIKA,1990,63723938
DUNE LAKE,1993,10345166
East Fork Toklat,2012,16572
Mile 245 ARR,1943,13991579
Broken Tree,2010,424515
Chickaloon Bay,1959,105250
Lower Lake,1971,33253
Upper Cabin,1973,35196
West Colville River,2012,866306
Itkillik River,2012,9255639
BTT NE 26,1994,24162655
631005,1986,61886140
McKinley River,2005,363169
Cosna River,2005,85046487
SWANSON RIVER,1969,342817590
COSNA,1975,106100459
Circle Lake Fire,2002,97266
ECHO,1969,5853367
TAL N 45,1994,3760540
TAL N 47,1991,1498019
TAL S 32,1991,105811127
Snohomish Hills,2005,753426
Sischu 1,2010,5749844
McLain Lake,2010,273779
Engineer Lake,1963,789221
WILD,2000,18584477
Mile 101,1981,1738532
John River,2007,643341
BTT N 15,1977,7814773
BTT S 49,1994,33219720
BTTS S 40,1990,1162582008
Marva,1972,5771641
Ptarmigan,1997,469890
McCORMICK ROAD HOUSE W-14,1954,31528061
BIG DENVER,1969,1540193192
Mission Creek,2005,6998463
Jackson,1999,1632707
Eagle Creek,2010,713648
DRY CANYON,1977,185052545
Pastolik River,2002,401658
PASTOLIK RIVER,1997,1032949
Andreafsky #2,2003,101980
932010,1989,466351
Noyuk,2007,11098317
WATER,1971,23113375
Bunker Hill,1972,1645468
Aropuk,2002,77629000
8014014,1988,1306018
Tupikchak,1974,4236937
AIN SSE 38,1977,46284813
AVAN,1972,19520003
Kungiakrok Creek,2012,51525431
Kayat,2012,1535523
Uvgoon Creek,2004,45013595
332205,1993,1134801
South of Sisters,2004,1134951
Kuyukutuk,2014,1617702
ENGINEER LAKE,1972,2564410
Pikmiktalik,2005,1152485
Noatak,1977,147771
Uvgoon Creek #2,1999,355284211
Swamp Creek,2009,26462422
MCARTHURCREEK,1999,36971432
Ladue,2007,77266662
Paradise,1992,132733062
Gardner Creek,1997,2429567
FYU E 77,1988,638995
Pass Creek,2003,14612221
EAA NW 50,1993,9063420
832184,1988,1114001
Nation River,2004,306418539
East Fork,1997,65640356
Old Man Fire,2009,3121939
NORTHWAY SOUTH,1954,12872237
EAST  FORK,1994,1403733
GARFIELD CREEK,1997,308285883
Birch Creek,2010,8751894
NEW IGLOO,1971,16154826
Teller Creek,2014,801685
Spike SE 6,1988,9531213
Boundary 40 mile #2,1950,4903366
Kandik River,1996,1968022
Hard Luck Creek,1996,9294438
BOUNDARY CREEK,1957,6668373
Divide Mtn,1991,825929
Nation River #2,1950,9118626
Ninemile Slough,2010,19933
Sheenjek River,1996,986897
132460,1991,301586620
CEM NE 32,1988,709596
Big Creek,1996,191809649
Upper Healy River,2004,24226598
Essie Creek,2004,2325119
Mansfield Lake,1992,1888082
T-LAKE,1993,942862
Drop Creek,2012,89057
Sheenjek,1950,616917578
Stone Boy,2005,68257
LICK CREEK,1994,34321875
Frozen Calf,1996,10209649
913027,1989,13677367
Salmon Fork,2005,949191331
Mardow Creek,2003,1351382
Fanny Mountain,2005,103485001
FYU E 70,1995,1429556
332292,1993,246637384
Little Black River,1998,2243159
WEST FORK,1998,27020407
Butte Creek,2005,1143426
Gold Creek,2004,7999947
Sawmill Ck. #1,1996,5457229
Caribou,1986,14009630
Sunken 1252,1991,128111
CLEARWATER #2,1995,4885615
New Hope,2009,390990
Kachelmier,1979,5647139
Bolio Lake RX,2007,4775785
Kocacho,1999,12712692
Black Rapids,1950,16993277
Johnnie the Frog,2007,2510043
VENETIE N-15,1957,69280086
Tors,2004,122006135
331568,1993,8727851
WHITE CREEK,1969,278469616
SAND CR,1967,31237867
Delta Barley 7,1979,13308504
CENTRAL CREEK,1968,148585925
NORTH FORK,1990,6516468
Christian River,2010,1424822
Joint Lake,2013,17376932
Preacher Creek,2004,945295659
Timber Creek,2013,429688
FYUSE35,1993,19669808
Crazy Mountains,1996,466319
Discovery Creek,2004,6694619
Montana Creek,2011,169043
BEAR CREEK,2011,1610215
Nipple,1997,272555
DEVILS PEAK,1997,967176
Weasel,2014,104345
Stony,2009,949700
DCK NNE 7,1991,885890
Kavachurak,2013,1727491
Pick River,2011,49631
LOUIE CREEK,1972,3211671
ROUNDABOUT MT,1972,19450828
Coffee Can Lake,2007,159643174
Hozatka Lake,2012,7010
631043,1986,23868969
REDE,1972,2614335
BTT WSW 84,1991,765165209
Zane Hills,2011,4322509
32038,1990,612863215
COTTONWOOD,1968,17171678
131520,1991,12690556
COLORADO,1994,2288349
Susulatna,2002,47688947
Fossil,2007,337828
DOMINION,1997,12458103
MCLEAN CREEK,2010,56557640
SELATNA,1990,647640
SELATNA,1985,26592681
MCG NW 53,1994,8847264
631024,1986,3741868
SWAMP,1971,41993403
BILLY GOAT,1968,132801256
South Otter,2007,895951
FLAT E-5 #1,1959,59147945
HICKEY,1994,1588773
Kulukbuk,1991,17917896
Lodge,1991,1645074
Branch Creek,2013,1944518
Big Fork,1991,1688818
Little South,2005,587519
GOBLIN,1968,9900668
SLEET,1977,90220509
Hoholitna,2009,34620336
Kiliovilik North,2004,1311945
DCK SSW 35,1984,5797836
KAWICH,1977,6585741
Woodyard,1971,2752678
NULITNA RIVER,1968,59029944
631474,1996,522643
131356,1991,18627721
BELTON,1972,25978158
Sidik Lake,2010,73767468
Nulergowik River,2007,117345
IAN N 110,1984,11778454
WLK SE 47,1984,1669648
432258,1994,6680438
Tag River #2,2002,665337
North Fork Unalakleet River,2007,1318358
OLD WOMAN,1976,6203460
RUSSIAN MT,1962,3867249
Chicken Creek,2013,322395
ANI-SE 30,1981,174286012
Muskeg Creek,2013,485787
TUNALIK,1971,81337536
DCKN178,1993,67241602
Tag River,2003,11557283
Kawichiark River,2011,6574
Nulato #4,1950,8063302
Magitchlie Creek,1997,1121740214
432229,1994,54071
NOKO I,1977,5543839
GAL SW 94,1994,23435404
HALFWAY ROADHOUSE,1957,380723659
Dementi,1972,1424732
SWINGING DOME,1969,106801873
SIX MILE,1971,180188647
CROOKED CR,1990,33850995
Fish 2,2013,3893226
BREAST,1997,25671312
Kwethluk,1991,1519875
Kaluktavik River,2004,16386
Pack Sack,1974,984735
AMOOK,1972,36994168
SHAKTOLIK,1957,47793532
KKA NE 7,1993,2029847
Egavik Creek,2010,574106
Talbiksok,2005,329897527
32052,1990,2827957
IAN N 63,1983,20462843
Tuklung,1997,910893
IAN N 70,1983,3384147
GAL NW 204,1990,2422546
OTTER,1970,10229326
Linda,1972,1498634
UNGALIK (GISASA),1957,261255124
BUCKLAND,1970,47013619
East Fork Koyuk,2004,13275011
X-MAS CREEK,1968,26726284
132225,1991,13226028
Excalibur,1972,2120313
Paradise Creek,2005,1402227
Yellow River,1972,1944522
Rocky Hill,2012,485734
MHM E 44,1991,1081670
Glacier Creek,2012,853612
DIAMOND,1972,5607338
MADISON CREEK,1972,6696413
Prospect Creek,2013,256924397
North Bonanza,2005,765612848
BTT S 17,1991,155885553
531049,1985,6012126
BETTLES #1,1959,15549762
BTT SE 47,1977,267175808
Peavey Creek,2010,121248263
Torment Creek,2009,13775748
Ft. Hamlin Hills,2009,17219110
DUNE LAKE,1981,591905841
TOLVANA SE-5,1958,4987719
JBER Small Arms Complex,2014,429429
Wigand Creek,2013,2826656
Mill Creek,1991,67648
Round Mountain,1974,209947
RUSSIAN RIVER,1969,8201866
Chapman Creek,2005,688058505
Pipe Creek,2003,1792314
TOLOVANA SW-20,1957,15610776
Big Salt,2013,15338370
Otter Creek,2000,40425725
Twin Lynx,2004,746247
SCHIEFFLIN,1969,6070377
Chitanana,2013,14567036
Chitanana River,1950,13759895
Chitanana River,2009,5402821
532148,1995,6636192
South Boney,2009,31631023
Redland Lake,1972,1188284
Little Creek,2011,105136594
Herron River,2001,25079830
31060,1990,197242981
Cummings Creek,2007,2115770
Chebanika Creek,2012,409378
Sinyalak Creek,2011,11876010
Crooked Creek,2004,940145
Jeannes Lake,2010,68550053
632010,1986,112558863
Funny River,2014,790218182
31051,1990,72918925
Gould Fire,1950,7877825
831022,1988,721258
Heart Mountain,2005,10410186
SNO WHITE,1974,15638992
731368 Henshaw,1997,2222684
TAL N 25,1991,49995401
N. Fork Dag,1999,13429428
Norutak,1999,607203
Little Indian River,2005,2246975
Waite,2007,686371
32035,1990,5653187
West Fork,2010,1419690
Little Mud #2,2005,776005916
Mastodon Creek,2005,1798432
MHM NW 42,1995,4965563
OUR,1968,21700214
Little Mud,1999,4541060
Von Frank,1986,4818774
BTT SW 53,1990,111717554
Siruk Creek,2005,1556619
MENTANONTLI RIVER,2012,1375983
Bacon,1997,1800271
Melozi River,2010,439085
BTT SW 85,1986,3001230
Grand Creek,1999,10649720
31036,1990,16316847
Sischu,2011,408630
631484,1996,4279237
31061,1990,220961673
Grand Creek,2010,2363426
Kaguyak,1989,1519844
BIRCH HILL,1990,556114177
DUBLI,1954,5139167
GAL NE 48,1985,4919757
Susulatna,2008,1156923
631053,1986,61486408
APPLE MTN,1972,8704661
Norhill,1991,821007
Susulatna,2004,1802583
Page,2005,4407322
BIG RIVER3,1994,697840
804027,1988,28997012
Tough,1997,11180304
Ground Hog,2005,637086
Gagaryah,1997,374285
Cottonwood,1986,6878796
Currant Creek,2013,7510160
MIDDLE FORK,2010,220879
DEAD HORSE,1976,28103217
Hogatza River,2012,96960546
Reed River,2005,3162558
Kitalitna,2011,98375960
GRAY,1974,8336766
GAL NE 87,1986,23167072
BEAR,1973,95584880
Six Mile,2005,103939601
Hochandochtla Mountain,2011,28424286
KOKRINES NW-19,1959,54730159
Big Creek,2000,7946073
Nelson Mountain,2005,973054647
Road Commission,1942,25859012
FYU W 84,1990,16736747
LONE MOUNTAIN N-12,1957,97264644
Pat Creek,2010,291513104
Hodzana River,2005,107103219
Hamlin Creek,2011,34476
TROOPER,1969,9472837
Parks Hwy,2006,522413247
,2001,340243643
FAI SW 40,1978,6539899
Nenana River,2004,867928
32018,1990,1153621141
HADWEEZIC,1974,9974547
331573,1993,13161267
Beaver Trail Fire,1950,174726970
Hodzana,2003,1906911
Marten Island,2007,9295161
Tolovana River #2,1999,75192342
Boundary,2004,
Big Bend,2012,2768316
MURPHY DOME W-5,1958,88532737
Aggie Creek,1981,53276283
Crooked,1998,3494040
Bonnifield #2,2012,686871
Curky,1997,518867
WEST TWIN,1976,108858177
WITCH,1974,137026695
MHM SE 43,1993,435237
Hidden Creek,1996,20741937
GLACIER CREEK,1968,4972994
Glacier Creek,2004,28657489
Swan Lake,2007,7866984
Wild Lake,2005,11702985
WINDY POINT,1994,12200543
Death Valley,2002,8671078
131615,1991,63302413
Palmer Hay Flats,2001,1153059
Friday Creek,2008,830442
Dahl River,1946,9802798
332248,1993,153210262
MINTO FLATS,1995,26280975
Ft. Hamlin,1999,20791205
Toklat River 2,2009,2388559
Elmendorf,2006,331297
Wigand Creek,2008,429739
Kenai Lake,1959,25289823
Su River,2007,34101195
Ernie Creek,2010,455204
Lower Russian Lake,1985,101022
Oldman Landing,2014,252108
BETTLES W-40,1957,341058075
JOHN,1969,284226332
ROCKY BOTTOM,1972,25749368
CHITANANA,2011,12243641
414012,1984,6834650
HAYSTACK MT,1968,80780008
BLUEBELL,1971,9867780
TAL SW 37,1984,9877479
MHM N 25,1991,6774160
Live Trap Lake,2009,6683690
North Swift Fork,2013,3189412
SHIRLEY LAKE,1955,9642251
EAGLE HARBOR,1996,1860307
Kazakof Bay,1996,4066102
Ishtalitna Creek,2007,1640805
BTT S 10,1995,387894
Fish Lake,1950,103262575
BTT SS 53,1991,68590100
JOHN HANSEN,1969,373158745
Bear Creek,2009,204278791
Bitshtini Mountain,1971,13734742
John Hansen Creek,2002,103268490
Bear Creek,2013,14170045
TAL S 78,1990,6925871
Caribou Hills,2007,222845423
Candlelight,1984,274676
Dimitri Road,2002,46290
Cottonfield Road,2003,511419
Clawanmenka Lake,2004,435390534
Grizzly Creek,2013,203355
Melozitna River,1951,15743357
TAL N 52,1991,5009882
Bering Creek 2,2009,190320180
414008,1984,13302665
Nowitna #1,2005,398204
Telsitna #2,2005,6053520
Sulukna River 2,2007,1253112
North Fork,2010,48927665
SODA,1993,1240593
LEFT BANK,2003,1849142
Flat Creek,1986,5206050
INIAKUK LAKE E-8,1959,49805911
131574,1991,2300948
BERGMAN CREEK,1972,102710144
TODATONTIN,1969,528792099
Alatna Portage,2011,268434
Titna River,2009,660304096
BONEY,1969,16513720
Spirit Lake,2000,390402056
Dillinger,2009,96019716
Hog Head,1999,8583661
Alice Creek,2012,19971
Norutak,2004,189523
Hogatza River,2002,968514
GARDNER CR,1994,36046117
Gardiner Creek,1998,131233157
Rabbit Mountain,2005,917429715
Scottie Mtn,1991,10654194
KAN,1971,91402842
North Porcupine,2013,93632058
Wall Street,2004,358322137
LINNEY BAY FIRE,1993,2777750
N. fork 40 Mile River,1999,2591729
Kink,1999,369210681
Ladue River,2009,94456103
Mile 53 Taylor Fire,1953,61122195
Chisana River,2013,187293047
Dennison,1986,4330351
S.E. NORTHWAY,1954,18733109
NABESNA,1993,13676195
Ukalikchik,2002,568718
FYU NE 47,1987,29930709
MILL,1998,467703
Big Sitdown Creek,2005,27953915
Cherry Mountain,2007,901929
Indian Grave Creek,2004,106739642
Indian Grave Creek,2010,10014441
Eagle #1,1950,52701245
832014,1988,1858392
331585,1993,30708202
Forty Mile,1998,1760732
432333,1994,4174906
FYU SE 53,1988,735669
Circle,1946,140109663
232412,1992,4335606
CEM E 20,1977,38797992
Fiasco Lake,2010,2702053
Torgny,2000,5524322
CEMSE34,1993,68644858
Titus Creek,2005,858844
AHTELL CREEK,1967,9063416
232414,1992,159686847
Koness River,2006,38980369
CIK N 40,1986,48725526
Schuman House - Porcupine Rr.,1950,
Kevinjik,1999,932681059
Tommy Lake,2004,15559329
CIK SE 30,1990,6059865
Charley River N,1950,55414444
WEST FORK,1994,571009
Silvia Creek,2010,1422873
60 MILE BUTTE,1990,4357048
West Fork,1986,6613749
Tanacross Fire,1947,7337445
60 Mile,1986,5066283
FYUN60,1993,105773636
TWIN ISLAND,1972,21033041
FYU S 30,1979,23540809
Blueberry,2004,1447251
332266,1993,3504504
Rapid Creek,1986,18411445
Twelve Mile Creek,2013,37084
Haggard,1946,19275907
FYU W 35,1994,58104200
Cornucopia Creek,2003,212130251
Birch Creek,1951,155542158
BEAVER CREEK,1967,21868675
Glacier,1999,9392200
CEM NW 42,1992,18128489
CURTIS,1969,153472467
Sheenjek,1953,275316591
Ketchem Creek,2002,21078313
CRC NW 20,1994,110104
531270,1995,163677
Rock Creek,2004,23082738
ALBERT CREEK,1974,7994605
Glacier Creek,1984,10119742
Indian Creek,2004,333280
Christian River,2006,489156
Christian River Fire,1951,76163229
332262,1993,3755421
CEM NE 20,1991,226338607
Bull Creek,2009,69086520
Crater Creek,2013,6550870
Willow Creek,1999,1086773
South Schwatka,2010,4227303
WINDY CREEK,1996,39867068
IMPACT,1974,56429271
MID Husky Drop Zone RX,2010,1734626
DUD FIRE,1971,9875508
Read Fire,1951,4197717
Dry Creek,2010,1596605
Clear Creek Airstrip,2010,68188
Alphabet Hills,2004,150748704
Clear Creek #1,2011,1778995
431535,1994,18360764
CEM NW 45,1992,18420523
WEST FORK,1993,3491860
Butte Creek,1997,14405646
Ditch,2002,1356390
Chena dome,2011,558820
Stuart Creek #4,2006,132915
Duluth,2001,8471224
Mississippi Impact Area,2010,15928235
Sullivan 1,1986,621937
MILITARY #3,1990,184544
Hillbilly,2001,5920823
Oklahoma Range 1,2007,601265
Pingo,2004,1619595236
KHOTO MTN,1959,8624330
WAPOO FIRE,1984,149962553
Cease,1971,1660629
MCG WNW 65,1981,37388305
141007,1981,21645572
Beaver Creek,2005,10789
Julian,1988,1530346
ROUND,1972,6544883
Shotgun Dr.,1989,20461332
EIGHT MILE,1990,50856487
PILOT POINT,2005,13286692
Koggiling #2,1997,413954
Imelyak,2005,29310778
PRIMUS CREEK,1971,3778947
DCK S 35,1987,5550235
DCK S 32,1991,20172647
GAL NW 107,1990,3737896
Shinilikrok Creek,2010,1121706
KERULUK CREEK,1970,84931084
Kanearok Creek,2010,25719
GAL NW 58,1994,6018756
OCTOPUS,1970,5513884
KYU NNW 40,1987,6229119
GAL N 38,1990,261095815
Little Mud River #2,2005,121086911
WAPOO,1968,39608044
KAYIUH MTN,1959,16124671
Mukslulik,2010,1804361
Ivan Bay,1992,913040
N Noatak,1976,358557
Unknown001,1971,1563698
Aniralik Lake,2010,336358
Iim Tikrak Creek,1971,7743622
Taylor,1977,1316156
OK OK LAKE,1971,34403486
KOBUK 5,1963,17479961
Sand Dune,1946,70985917
Kunyanak Creek,2010,52136
Imelyak River 2,2010,15855
Kugarak River # 1,2011,227
AMBLER,1971,108056228
INNOKO,1974,26247494
Nulato River North,2005,1400975
Khotol River,2002,203928854
SHAGELUK NE,1957,115314334
Menotl East,2005,63479280
GAL SW 84,1990,426453
LOOKOUT,1972,30950764
Franklin Creek,2009,80248687
Crooked Creek,2013,165352
Reindeer River,2010,6033158
Uyon Lakes,2012,25669417
Kingasivik Mountains,2010,183084
832073,1988,14783634
MARY,1974,41496383
TIRE,1972,28171693
KATEEL RIVER,1972,39420048
GAL W 76,1986,4049280
CHRISTMAS MTN,1960,10150726
ANVIK RIVER,1976,7729882
Christmas Mountain,2007,352583
Fish,2013,398279
South Bogus,1997,600556
KASIGLUK,1993,1016177
ROLLING CREEK #1,1957,611018759
Klery Creek,1977,866996
Box River,2005,22430567
FLUTE,1970,4514023
KAL SW 32,1996,113779
Papa Willie Creek,2005,452411124
Russian,1991,15205742
Reindeer,2002,910937395
KUDOS,1968,24491215
Ophir Creek,2008,871948
Tvativak,1997,9654764
TIMBER CREEK,1997,111215758
Eli River,2004,410684
Cliff Creek,2004,25485999
132242,1991,40881086
Marc,1974,6860387
732050,1987,14133029
Eagle Ck,1985,1456263
Tik Hill,2007,2321187
165-30,1971,509523415
SHH SE 26,1977,30293824
Kashunuk # 2,2008,314509
OME NW 60,1994,11214027
Klery Creek 2,2010,2124321
Nakolik,2004,549821
NVK NE 4,1979,5110636
Duck Creek #3,2014,2296105
BALDWIN,1972,7500736
732053,1987,3724147
CONNALLY CREEK,1972,19118027
TAG RIVER,1972,8792401
Koyuk River,1997,2304125
Kushluk,1988,3124000
BONASILA,1957,1157133742
The Sisters,2014,10525514
Montana Creek,2010,24211418
Grand Creek,2000,374448501
MHM NW 24,1986,49887264
Titna,2013,15479651
Sethkokna River,2005,12191874
Chleca Lakes #2,2006,1224676
Chleca Lakes #1,2006,116356
TELIDA LAKE,1958,11730138
Siruk Creek,2013,81647106
Slow Fork Fire,1998,80544348
The Divide,2010,2601349
132614,1991,141398116
BTT W 77,1990,7311305
Walker Lake,2007,116674
Sischu 2,2010,10999155
Sischu North,2004,865855
332663,1993,15726253
Niakogon Mountain,2010,625692
Boulder Bay,2007,1193605
BTT 249 45,1991,457198
131655,1991,112319256
BTT SW 68,1990,1519041
131592,1991,861091
TAL W 33,1993,7081623
Little Mud #3,2005,7994537
Gregg,1996,3463252
HUS SW 12,1990,2481042
Takhakhdona Hills,2010,23678063
Klymunget Cake,1971,9928755
Nayuka River,2013,1865291
HORSEMAN LAKE,1971,18697106
RBY NNE 35,1984,2388454
BEAR MT,1971,348625889
414060,1984,5252990
Cottonwood,2005,409596
Black,1991,11014209
MEADOW,1990,120589759
TAL SW 47,1994,3617212
Hatdolitna Hills,2007,8741686
Tonclonukna Creek,2009,659673530
Sulukna River,2005,9430593
North Fork,2002,125755952
MHM SW 60,1986,5986126
MYSTERY,1990,1106234
North Fork,2009,16626
ROCK CREEK,1990,43769616
TAL NW 85,1985,65873615
131408,1991,23907273
Dulbi Slough #2,2004,4024029
COTTONWOOD,1969,712101193
Monday,1972,1586238
Galickson,1991,38875128
Broken Snowshoe,2009,101738244
Graham,2002,29202957
South Fork,2002,40149405
DUNES,1990,2805217
BEAR CREEK,1957,4562403
Lime Hills,2013,810723384
BEAVER MER,1990,52859081
Kusk,1992,810912
HALF CABIN,1974,61290032
ROUND,1990,200849856
BONANZA,1981,26462265
NECONS,1969,20523474
Kogoluktuk River,2005,2986869
Kejulik River,2010,1080185
KOBUK #4,1959,72094255
DCK SE 45,1990,2416704
Holly Lakes,2005,38784695
Zane Hills,2012,15468
Pah River Flats,2005,4617686
Holiday Creek,2002,883245
Babantaltlin Hills,2005,76599494
WARNER,1993,610787
Dome Creek,2013,105897
SUGARLOAF,1985,3782934
Big Waldren,2002,45789807
Sugarloaf,2004,669833
Takotna River,2013,8126564
Hoholitna,2013,11366901
SLEETMUTE FIRES,1957,658153373
Unknown001,1974,33520976
Howard Pass,2013,1635
CASCADE LAKE,1970,45388142
Natural Out 2,2013,786
DCK SSW 34,1991,728660
Sheklukshuk Mountain,2010,1143823
DCK SSW 26,1984,3791669
CROW LAKE,1977,383180737
Louie Creek,2010,71549767
HSL SW 10,1990,9339587
HSL NNW 37,1991,56977901
Dagitli River,2009,12745333
Crow Lake,2009,160820
Andrew Paul Slough,2010,90312
North Fork Innoko,2004,10097006
Wapoo Creek,2008,543608
INNOKO #1,1957,193464485
31048,1990,27255
REDLAND LAKE,1968,95353699
Boney Creek,2007,3129287
MINCHUMINA NW-25,1958,104752094
Beaver Log Lakes,2013,258534865
TAL SW 38,1991,12247400
Lake Snohomish,2004,87177781
MHM SE 16,1993,12863998
TOBUK CREEK,1972,7606384
131648,1991,1344910
LAKE CREEK,1969,234189119
HOLANADA CREEK,1969,
831007,1988,231336
HUGHES SHELTER S-9,1959,2522535
BRIDGE,1972,959726119
Wein Lk,1996,98743917
McKinley River,2007,312926
MHM SE 27,1986,92772432
Tracy Ave.,2005,21721008
FORAKER,1997,11757922
BETTLES #2,1959,62362806
BTT NW 65,1988,7113588
Henshaw Creek,1999,1122195
31039,1990,10908905
ALATNA,1954,75815564
Melozitna-Tozitna,1953,75246571
Big Mud,2003,157216369
Tozitna River,2005,231549945
No Name Creek,2010,28543881
DENNIS,1990,320539525
W.Kamishak Bay,2003,5166773
Coy,2004,1999900
POCAHONTAS,1968,520890040
Hughes Creek,2007,522770
HUGHES N-9,1959,15673810
Kitalitna Creek,1997,3259068
Melozitna River,2007,1576689
TAL SW 46,1994,4481593
32040,1990,6167854
WOLF MT. N-10,1957,62062546
Round Lake,1999,6075031
TAL SW 65,1988,4330066
MENTANONTLI LAKE,1956,3281425
LANDING,1972,8193454
UPPER MELOZITNA,1957,76329093
GRANT CREEK,1957,33679788
Shannon,1997,775379
Big Mud,2002,159948683
BIRCHES SW-10,1957,6590717
Titna River,1996,10378445
Sethkokona,1997,2336128
Paradise Fork,2010,6220859
TELSITNA RIVER,1958,5567395
TAL SW 83,1993,20030543
TWO LAKES,1981,10391040
Kaguyak Bay,2002,2618781
Kristin Creek,2013,67290118
DCK E 65,1991,80292376
532370,1995,25872679
Lockwood,1997,26859922
KOBUK CANYON,1997,3987453
Hughes Creek,2005,89970422
HUS NW 30,1984,11798454
HUGGINS ISLAND W-10,1959,35263638
Big Creek,2004,242040
31044,1990,168443110
Dulbi River #2,2012,379046
Stone Creek,2005,74880150
Lost Twenty,2002,60925548
SODA,1990,41581643
VON FRANK,1957,20083255
WHIRLWIND,1993,2572680
804032,1988,2671778
Scow Harry Creek,2013,98036
Turquoise Lake,2010,368992868
South Mystery,2008,23994
Windy,2002,279179505
Dewey`s Cabin,2014,3565115
131521,1991,10961367
INNOKO #2,1957,311039010
Surprise,1991,12520125
BEAR CREEK,1972,6691417
Folger Creek,2005,8852
Warner Creek,2004,1320217
SWIFT RIVER,1957,101138939
WILSON,1968,11898110
PRETTY GRIM,1968,84041745
GAGARYAH 3,1994,17470501
Chulitna,2013,9835637
Nikubuma Lake,2013,51662730
Washington Cr.,2005,172350449
West Fork,2004,23386445
Big River Fire No. 2,1951,26716227
Black Water,2005,6446601
CHEENEETNK,1993,377776
ANCHOR,1993,10970854
JOINED,1990,21576126
Whitefish Lake,2013,17319588
GAGARYAH 2,1994,12366024
Lake Clark,1948,49650308
Mulchatna River,2013,785356
Mauneluk River,2004,980517
BEAR MT,1966,229365209
232266,1992,17649356
332554,1993,50756258
Moose Creek,2013,1979
VENETIE S15,1954,227974024
Sourdough Creek,2011,4765198
West Crazy,2007,24297257
BEAVER CK,2000,4651298
WEST FORK CHENA,2002,89354854
FAI E 26,1991,2269384
Broken Arrow,2003,537729
Industrial Park,2012,41029425
Fish Lake,2013,120873
REDMOND CREEK,1968,4983650
Beaver Creek,1999,52977498
CENTRAL W-10,1957,199361860
Crazy Mountain,1953,67011641
Black Shell Creek,2004,1096700
FAR MOUNTAIN,1958,167345884
Blueberry,1986,41250278
Big Girstle River,1947,20786399
Ferguson Farm,1980,33089257
Big Delta Fire,1951,93026472
GRANITE MOUNTAIN,1954,72464481
CLEARWATER,1969,8841555
BLUFF RIDGE,1969,59183848
JARVIS CREEK,2006,1020357
Bolio Lake RX,2010,5288774
Lost Horse Creek,2005,7488487
UPPER TATALINA,1957,173523548
Clear Creek Buttes 2,2010,405941
Slate Creek,2009,3805939
Wicker,1991,641764
Goldbug,2002,785792
Apples,1969,1234129
WILLARD,1979,13104104
832015,1988,
GRANITE,1972,24324353
Mud,2002,479026
Mastadon Fish,1996,23125187
Tatalina,2004,64292124
31042,1990,5881389
Meridian,1999,2427079
Muddy Lake,2009,16017016
Monopoly Creek,1981,10483963
YTA Grouse Habitat RX,2010,219464
Clear Creek,1950,10414073
26 Mile - Eielson,1950,7012398
Ft. Wainwright Small Arms Range,2009,5171084
FAI E 10,1995,1013750
Little Delta River,2006,56568704
Small Arms 2,2004,5312988
Stringo Lakes,2002,34377421
Bear Creek,2005,20884036
Bull Creek,2011,7605955
SVS NW 18,1994,430306
CEM WNW 73,1992,12042866
Dall River,2000,51588522
32033,1990,108683880
Idaho,1999,1911132
31035,1990,24623700
Toklat River 1,2009,787018
Chitsia Mountain,2011,10174443
JBER Clunie Creek Complex,2014,3180936
Toklat River East,2013,133577515
Lou Young,2010,12914
SNUG HARBOR,1999,32974
Stromberg,1991,1910744
HENTON,1957,525812
LIVENGOOD SW-10,1958,19614448
Brooks Creek,2010,518652
Mud Fork,2004,136191670
Tatalina 2,2004,13810612
Tolovana,2010,479985
Swanneck,2010,480590
Rex Bridge,2003,5656223
Arctic Valley,2004,302513
ALPINE,1969,3115733
FYUW102,1993,1970703
BTT NE 55,1988,981536
Hodzana,1999,17564291
Prospect Creek,2008,6756552
Jim 2,2005,2286323
Ashley,2009,39253
Shanta Creek,2009,53102621
CREVICE CREEK,1957,9935113
Timber Creek,2013,10432300
Kaldolyeit Lake,2010,70792
Evansville,2004,543892009
TAL N 35,1992,2308846
Kanuti - Bay Rivers,1950,126790053
Mooseheart,2007,86299275
Ptarmigan Creek,2006,1519617
Chitanana River,2011,401237
WIEN LAKE,1971,250959415
Zitziana,2009,566313936
Kenai River Trail,2004,183867
PIPELINE,1974,12011037
BTT NE 22,1984,5420873
Anaktuvuk River,2007,1028604264
Pope Fire,2010,384745
Kanuti River 1,2013,7312097
Florence,2007,418355
BONANZA CREEK,2011,1575586
Raven Ridge,2007,8322403
Ray River,2005,390272467
Kilolitna,1997,2631182
Bearpaw,2009,66565230
Geskakmina Lake,2002,1033417029
Turtle Hill,2007,32705
TAL SE 80,1990,13459787
LOMAN,1972,16610244
Portage Creek,1972,2408432
Ungalik River,2014,859969
Shaktoolik River,2013,46953984
Stove Creek,2013,1190299
GAL SW 123,1990,1275031
Bear Creek,2013,52902542
Thompson Creek,2002,462129
Twin,1991,51170658
KALSKAG,1972,10735072
Kaluktavik River,2010,93313369
North Fork Squirrel River,2007,719072
Akikukchiak,2005,5486236
Cottonwood Bar,2002,55553496
Salmon River,2008,2629075
Salmon River,2010,808905
Inland Lake,2011,7070
SND DUNE W 3,1981,16189435
32044,1990,14494216
YUKON,1972,9214497
Saddle,2005,520672407
Discovery,2005,973936
Uluksian Creek,2011,42667
Nimiuktuk,2007,1660871
SHORT,1977,15605402
Uyon Lakes,2003,1734132
Dall Lake,2008,2017747
South Pish River,2007,8897584
26,1985,247940
Imuruk Basin,2002,1526358
Hunter Creek,2003,2081494
Change,2005,46693948
Big Bend,2007,11786215
Fire Mountain,1996,1333348
CEM E 90,1990,8066048
Tindir Creek,2012,693489
Bull Creek #2,2013,2501881
American Summit,2004,47060299
CDL E 33,1977,127481822
Stuyahok River,1940,51668241
CHINIKLIK,1997,12835994
PAIMIUT,1954,1423393013
OTZ NE 100,1983,7897085
Virgo,1997,450215
LEAF,1971,50521199
Eli River #2,2004,105187
Van Lear,1972,3009335
Nageethluk River,2002,2641242
KSM NE 15,1985,522399
OTZ NE 35,1992,1254881
Kuka,2007,9639915
REINDEER,1990,2398289
132407,1991,17889359
FBK E 155,1987,9492264
LADUE RIVER,1969,360832348
Porphyry Creek,1999,1203773
Tetlin Jct Ridge,2013,83278884
Yarger,2004,288726
Black Hills,2003,171637724
9 Mile Trail,2006,710618
Little Salmon,1946,174809002
Tetlin Refuge # 1,2009,1691646
BLACK RIVER,1967,13861809
CEME42,1993,495233
FYU SE 65,1990,29895182
Little Black Two,2009,2912944
KING CREEK,1969,18530384
Columbia Creek,1950,12536080
SPITLER,1990,23620929
The Mine Fire,2009,1750987
Coleen,2007,83906395
Big Mountain,2010,335844222
David Creek,1996,19225719
Charley Creek 1,2005,294064651
Dempsey Creek,2010,48927754
Nation River,2007,8474260
Nation River,2013,45375652
KANDIK,1958,101334775
Nation River #1,1950,195976709
Nation,2009,1091056
Billy Creek,2013,48139541
Molly Creek,2003,9591162
Billy Creek,2004,1862407990
T-Lake,2004,7029872
Carlson Lake Fire,1953,4190460
832043,1988,483193390
Sheenjek,2009,251192596
Three Lakes,2008,141491407
832086,1988,95116101
531268,1995,328885
Bluff Creek,2009,167480678
Albert Creek,2003,6206233
FYU NE 22,1988,38491022
BURNT MT,1966,17781663
TAYLOR MT,1967,21786979
EAA SW 37,1994,4619399
PORCUPINE,1990,46848925
West Fork,2006,186390
Porcupine,1986,54761750
FYU NE 78,1979,384419138
SHEEHIJEK #1,1959,38413979
CEMESE 35,1993,118222
Little Black River,1950,
Woodchopper Creek,1950,28987591
Paddle,2009,167438362
Big Creek,1999,114870352
Melozi Springs,1999,1925527
BIG CREEK,1959,104333857
Black Sand Creek,2011,507130
JOKE,1972,13544107
Cottonwood,2002,27142306
414007,1984,4530025
SUNSHINE MT.,1957,52646754
MIDDLEFORK,1990,14704119
304001,1983,10495449
Blackwater,2006,1211546
Upper Tatlawiksuk,2005,117092491
Selatna River,2013,4863916
WHITE MTN,1993,886750
North Mystery,2008,1466546
Stony,2005,12672819
Olga Narrrow,1992,900033
Mulchatna River 2,2013,97160
Knifeblade Ridge,2012,14498294
KARLUK,2000,1636444
Reed River,2008,4604115
Angay,2005,1748376
Nilunorat Hills,2010,258812
HSL SE 38,1979,10486545
BATZA SLOUGH,1968,23086204
GAL NE76,1995,10358661
Nayuka River,2010,324282
CLOUDY,1990,1190860
Vinasale,2002,761739696
DEACON`S #3,1957,58631699
ILIAMNA,1957,65605428
Stink,2005,16498
RILEY CREEK,1971,28220640
ALAGNAK,1990,6968011
Ambler River,2002,4158887
ANGUTIKADA PEAK W-10,1959,36446593
Shiniliaok Creek,1999,3237713
Purcell,2000,2612377
HUSLIA RIVER #2,1956,588979402
Gagaryah 2,2013,19013168
Gagaryah #2,2009,79096825
SELBY LAKE,1971,25592367
Newhalen River,2005,1830
PAH RIVER,1959,16669066
Kokumpat,2012,2008084
Solsmunket Lake,2010,95476
Mauneluk River,1972,5698972
Dulbi South,2005,13771246
Tom Cook Slough,2007,2169320
Long Creek,2002,300698110
Dulbi East,2010,271368
Moose Creek,2002,21170832
TANGO CREEK,2000,116023377
Main Creek,2013,5087375
BONNIE,1990,159383404
804028,1988,244348163
Wolf,2005,36068389
Granite Mtn.,2009,3169206
KOLIGANEK,1963,13078740
STONY RIVER,1981,4583077
Pupik Hills,2011,1441
Yantarni,1992,3696441
31052,1990,2755408
Aniuk River,2010,1969
Aniuk River # 1,2011,1837820
Rabbit Creek 2,2010,22230410
BUZA,1974,1412109856
GAL NW 114,1990,594774
Beaver Creek,2002,664040
Billy Hawk Creek #1,2005,7423576
20 MILE,1954,65105159
531028,1985,4883365
832143,1988,107948315
331688,1993,1854867
GANES,1990,2822381
ganescreek,1999,2574434
DISHKAKET NE-10,1957,107546649
Hurst,2004,4530650
BEAVER MT #2,1957,11589253
Taft Creek,2009,232341
Noatak River 4,2010,2006
KAZIK HILL,1994,1386398
Kugarak River # 2,2011,3489
Sand,2002,411541
Yukon Creek,2000,245969288
Nulato #3,2005,57797183
Kotol River,1953,44917102
Yetna,2005,201092357
Glacier,1991,9266981
MOSQUITO,1994,2788403
Three Days of Restoration,2006,38149642
BEAR,1969,1560004052
331639,1993,14526503
Round Top,2007,3323966
GALSW28,1993,5139384
GAL S 57,1991,8169872
GAL SW 65,1986,13514892
DISHNA,1993,9173181
GAL S 73,1990,47715
CHANCE,2007,2677936
Crooked Creek,1989,30820558
GEORGETOWN,1972,33708857
LAWSON CREEK,1968,137882145
Gold Mountain,2005,304675
Sethkokna,2013,16013700
Moose Lake,2002,475019693
TAL SW 56,1991,8873608
No Creek,1986,44020636
DILLINGER,1972,51958303
Post River,2009,3730466
Shipwreck Cove,2013,965327
HOGATZA,2011,140973
HIDDEN BASIN,1996,2197869
LAWSON,1969,32624648
Foraker,2000,67959832
MHM S 31,1993,4292057
Gull Point,1995,1422641
Herron River,2005,14662777
Malemute Fork,2010,192430
131569,1991,934652080
Siruk Creek,2011,2122803
Alatna Hills,2010,451898
Melozi Moran,1999,237618230
Lake Todatonten,2004,49636401
Blueberry Ridge,2011,1643058
North Dag,2004,1684224529
HIDDEN CREEK,1968,35082937
Sulukna,2002,121902641
Farewell,2005,2721557
FORK,1990,1854950
Middle Fork,1986,10640893
Olga Bay Fire,1950,136070958
KOBUK #3,1959,73820211
Kigalik River 2,2012,3524508
Beaver Creek #1,2005,28465310
Lake Minakokosa,2010,304214
Pimingo,1971,29216570
32039,1990,19463455
Big Creek,1999,5906438
Walker Lake,1999,2892864
831026,1988,2895476
HUS W 5,1981,51813040
131549,1991,11996072
832012,1988,602574
831023,1988,597133386
Moose Point,2005,300653
Nowitna River #1,2011,10512119
Nowitna,2009,507992885
131252,1991,1314312
Sulukna River,2007,31786965
TAL SW 63,1985,371707
CLEAR FORK,1990,185475008
MHM W 55,1991,78692795
PAH RIVER,1972,368499325
GAL NE 57,1985,134135150
DUBLI #2,1956,460653268
BLEAK SPOT,1968,6127967
GAL N 35,1988,11128751
GAL NE 30,1991,44605406
SHORTY,1990,681730
CHEENEETNUK RIVER,1963,6811189
WOODSCEW,1972,27720329
KOKTULI,1957,10877186
LAKE 606,1959,6261686
32010,1990,388927
Turnaround,1999,561872
31026,1990,10471809
BIG RIVER2,1994,1831589
Luck,1991,40143085
WHERE,1990,82263034
Shoeleather,2004,848751
Whitefish,1972,1427235
NONVIANUK,2008,47431
Gagaryah,2009,29351134
Pah Flats,1999,24793045
Pahl River,2012,11221960
CORMICK,1957,21724524
804041,1988,356968
Sandy Ridge,2013,3714
PUPIK HILLS,1971,7842397
Kiliovilik River,2011,6080084
Aniuk River # 2,2011,2454
Little Black Creek,2010,34229
GAL NW 113,1990,454525
Louis Lake,2004,89031871
SAND DUNES,1972,179804409
KOYUKUK,1973,47926316
SOONKAKAT RIVER,1997,11946903
CAMP CREEK,1997,21260
POIGNANT,1972,22598563
Little Mud River #1,2005,142792740
Kogoluktuk,2007,992841
Kavachurak 2,2013,331501
DCK SW  47,1986,69041406
DCK SSW 23,1984,3638267
GAL NE 4,1990,1129521
Slow Creek,2002,47945524
Coffee Can West,2008,3177565
West Yuki River,2005,1228574
Bear Creek,2002,240597163
31046,1990,50781
Dr. Beaver Creek,1997,84784979
Caribou,2005,45716651
Waldren Fork,2002,31732102
Hillbilly,2004,39705166
Delta Creek # 2,2012,12781368
Simpsonville,1998,1469448
FYU W 46,1975,292994352
Zimmerman Creek,2001,2021511
Stuart Creek 2,2013,349698235
831016,1988,25281668
FBK NE 37,1994,4068957
Little Delta,2007,126670103
M-16,2005,1647081
Northern Target,2010,60272
Clear Creek,2009,122216
BEAVER #40,1954,14688657
CEM W 44,1987,35193431
FYU W 37,1987,4548208
Wolf Creek,2004,951507298
Glacier Creek,2005,132618304
IDAHO CK,1990,5020765
Harrington Cr.,2011,15622
South Fork,2001,1480449
Third Pup,1991,2016040
EILSON #1,1959,36913247
Spurs,2002,256598648
Observation Post 27,1996,43591683
Oklahoma Range RX,2010,35435924
Oklahoma Range RX,2011,10956216
McCOY CREEK,1997,309520
Lunch Lake,2009,32239685
Tatalina,1981,313983590
Survey Line,2001,449848901
Lk George,1991,173457
P00549,1993,63607
Hunter Creek,2010,12366
Jim River #3,2005,69664508
BTT NE 47,1988,34516605
Minto,1999,15550869
UNION CREEK,1967,7525030
Minto Flats South,2009,2146423690
Applegate Creek,2007,2705063
Hodzana,2010,78711
FYU W 75,1979,92592805
Beaver Creek,2005,660777470
832026,1988,1400925
ALPS,1975,29096620
Salchaket Slough,1950,36042626
Willow Creek,2010,55236151
Clear Creek Buttes,2010,421033
Hardpack,2007,885408
Chandalar Lake,2007,3010414
Hardluck Creek,2009,51555503
Rogers Creek,1946,10769278
Hard Luck,1981,7126974
Dome Road,1969,993823
331724,1993,1491015
Wild River,2008,740294
Kenai,1947,1278334099
Mashooshalluk Creek,2002,96575
331267,1993,3797451
Jim River,2002,95860306
BTT E 12,1977,50267757
Betttles Field Fire,1946,355895242
Nine Mile,1997,5137026
BETTLES,1972,10010183
BTT S 49,1991,134738007
TAL NE 33,1994,64074322
Toklat 2,2005,12129602
East Fork,1999,2286286
Wigand Cr.,1996,1253568
,2001,13099140
Pt. Mack Mile 5,2006,1922998
Lower Russian Lake 2,1985,834392
Cooper Lake,1974,39331
832044,1988,865377
Pothole,1991,37030407
Ray River 2,2013,91583295
TAL NE 50,1990,70699916
131620,1991,1567070
Kantishna River,2005,285490
Alatna Hills,2005,24987434
WINTER TRAIL,1968,22927673
Slokenjikh River,2010,42843264
Ray,2010,1459942
Lloyd,2011,35379780
Slokhenjikh Creek,2004,5645145
131462,1991,67657898
Hell Bent,1999,2193121
Grant Dome,2005,18729558
CIRCLE ISLAND,1969,21145184
Sischu,2002,517627939
Big Mud,1997,497863
MHM N 23,1991,888784
Chitanana River,2005,1048138
Senatis Mountain,2009,12610632
COMA,1972,45478161
BEARPAW MTN NW-12,1957,238156100
Dead Fish Lake,2013,24508936
Bitzshtini Mountain,2005,12417344
TAL S 54,1993,5134473
TAL SE 92,1990,177480420
BEAVER LOG,1968,5063599
Beluga #1,1943,7271897
HULT CREEK,1968,21346503
BTT N 70,1991,1980825
Mi. 17 East End Rd.,2009,3898511
Dawn Creek,2002,10215113
Midas Creek,2005,2875168
Negeethluk River,2006,230187150
BETHEL 1/2S,1957,9205595
DEVILS ELBOW W-16,1962,9255745
731680,1997,1170557
Uvgoon Creek #1,2012,161714205
KSM N 15,1994,2287252
Richmond,1974,2089388
Taksleksluk North,2006,16138325
Takslesluk,2008,181669
DENPYNE,1972,5761449
NUNAVAKPAK,1997,252658
23,1985,18684
OMAR,2009,748462
IAN N 65,1982,133369
OTZ NE 40,1977,98277792
Uchugrak Hills,2000,3145863
CDL E 14,1977,558117871
BCK NE 13,1979,6434478
MEINZER CREEK,1972,8982957
LOOP,1977,131544111
Mulik South,1977,296356
Shiliak,2010,7025
32051,1990,266489021
Mulik North,1977,27144
GMT SW 30,1990,544785
Waterfall,2010,5023085
EAA SW 20,1994,11261853
NATION RIVER,1967,28262421
IN-ALASKA,1954,43259705
Kandik River,2004,264697540
SAM TROUT,1977,6090867
Witch,1999,191671236
Bear Mtn Ck,1996,609655
Glenn Creek,2008,2496011
Lucky Creek,2004,193558937
TETLIN,1996,26469660
Dennison Fork,2008,1311147
24,1985,64776
Izaviknek,2007,925384
Taylor,1974,3073947
North Pish River,2007,2506806
Belt Creek,1999,3280424
NIUKLUK RIVER,1971,89055319
Quartz Creek #2,2004,6612624
ANC NW 500,1971,258995862
FYU E 100,1993,624391
Ammerman Mountain,2004,79403338
CEM NE 80,1988,1307504
Moosehorn Lake,2004,2416665
TEHUL LAKE,1972,2659890
Paddle Creek,2006,1629818
Fourteen Mile,2009,113160
Little Big Creek,2007,71052872
Beverly,1999,83264660
Woodchopper 2,2007,80473175
WOOD CHOPPER,1967,54434452
EAA W 56,1994,1074075
Sheenjek,2003,101122578
Camp Lake,1997,7679951
FYU NE 50,1988,480942556
Sheenjek,2004,525807
YUKON FLATS #1,1959,178788092
Graveyard Lake,1943,165083023
Black Hills,1997,1392780
STUVER CREEK,1996,841119
CIK NE 42,1976,62273467
CIK E 24,1986,30956797
FYU E 58,1992,917256
Salmon 2 W,1988,42332314
FYU E 66,1977,14285608
CIK E 30,1986,64370392
MT.SHEBA,1994,2573492
Tok River,2003,22463783
FAIRPLAY W-5,1958,11693551
Shoulder Mountain,2013,133002
Big Fish Lake,2013,4266246
Birch Creek,1943,226948170
CEM NW 25,1988,30634448
SPLITS,1990,1080696
Discovery Creek,2013,54038814
FLUMECREEK,1999,3829571
Fryingpan Creek,2010,10859674
Munson Creek,2005,3295178
Sullivan,2008,5462100
New Hope,2005,575050
Hajdukovich,1994,88249496
Upper Gerstle,2010,3253174
Winter Ridge,2001,443261
Excelsior,2013,24642912
531023,1985,38525850
Venetie Village,2008,2128739
Skyfish,2007,2045626
Bear Blanket Slough,2006,48838
GAILEY LAKE,1969,3003395
Big Bluff,2004,6193750
Circle City Fire,1950,172104207
Squirrel Creek,2005,77576210
Paldo,2007,18478645
PREACHER CREEK,1954,17946891
DADINA,1993,657340
Healy River,2009,189932
Junjik River,2005,1245531
Hat Lie Lakes,2004,119020287
Fort Yukon #2,1950,8044385
Four Mile Creek,2013,2238076
Twomile Creek,2010,17039052
Gold Mine,2013,993866
Beaver Creek,2013,281775
Moose Creek,2002,21621548
WALDEN FORK,1957,189164605
Midwald,1991,382307
KEEFER,1974,18709110
STONEY RIVER,1959,31752412
Aniuk River # 3,2011,1259635
Imelyak River,2013,120754
Sikik Lake,2011,10007
DCK S 25,1988,44195421
Naniratkohort Creek,2003,217162
SHUK,1970,10095996
Koyukuk River,2007,1231810
Kiliovilik,2007,2431913
SANDS NE-15,1959,435570861
Mueller Mountain,1999,167292
HSL N 28,1990,966984
GAL 30 N,1996,3403568
331662,1993,15001890
KETLKEDE CREEK,1968,5103010
Yuko River,1953,8861928
GALATEA,1968,10798692
IDITAROD,1972,30999519
Oskawalik,2009,19292097
Devil,1997,516793
CROOKED CREEK,1957,6333909
CROOKED CREEK SE-20,1959,320384880
TAYLOR MTN SE 10,1959,14557433
AIRPORT,1972,11840622
Makpik Creek,2010,39711729
Kaluich Creek,2010,116245
Selawik River,2010,153730
Nekakte,2012,25247398
Kugarak River,2014,759038
Selawik River,2011,7886
HSL W 51,1987,2809097
TRIPLET,1977,345530227
SHALER,1971,258316038
Noatak River 3,2010,4179
Kiliovilick,2004,311189
GAL S 54,1990,159423
631029,1986,8781834
Galatea2,2002,1618496
Tlatl Hills,2005,26850991
North Creek,2004,1956978
GALSW59,1993,2720480
LEWIS,1971,72689680
Old,1991,18530731
GEORGE RIVER,1997,372747770
Horsefly Creek,2002,609799
Crooked #3,2002,10710364
George,2005,235918897
Holokuk,2009,1296129
MAXIM,1972,8406353
Mosquito,1972,185332
Lake Tutusirok,2010,29603731
SLAM,1972,51687189
KALL,1972,7646622
INLAND,1977,110700547
SHEKLUK,1971,31399013
Tagagawik,2013,603201
GAL NW 95,1990,1024174
9 MILE SLOUGH,1968,17336634
South Fork,2013,9187377
Innoko River,2009,149136
Old Woman River,2013,20558379
SELAWIK SE-40,1959,122509364
Continental,2009,4567192
GAL NW 63,1996,4353180
Derby Creek,2010,94562776
7 MILE ISLE,1968,10827833
Yetna,1972,1654168
IDITAROD #1,1959,32972745
Gulch,1972,1065479
Swinging Dome,1989,803957
Franklin,2007,939204
HOLY CROSS E-32,1962,4966844
FLAZ,1972,11188451
North Fork Buckland River,2011,1926740
Shaktolik,2008,83738
PEACE,1972,2609785
432236,1994,589035
Unalakleet,1977,1546030
UNK SE 10,1990,4153939
THOMPSON SLOUGH,1969,339196297
UNK NE 8,1990,42096
POLE,1993,46353604
West Deer Hunter,2005,1858034
IAN N 55,1984,25882697
KAIYAK,1972,22348660
JUNO,1968,4747419
Innoko,1996,570835
Cross,1991,56734344
Jet,2008,86636
Cobalt,2009,5455428
Kingasivik Mountains,2010,60734
Wilhelmina,2013,2931705
OTZ NE 55,1995,3934665
Kitlik River,2012,418275
Kobuk,2010,1212379
OTZ NE 85,1994,6121467
COTTON,1970,5808394
NALUK,1972,23798664
KATLITNA,1994,175593710
Big River 1,1998,261962
TATAWIKSUK,1990,2688082
Cheeneetnuk,2013,488051
Swift,2005,74761696
Katlitna,2009,26381088
Gagaryah,2013,3014582
WHITEFISH,1993,34002
Kucher Creek,2012,75529131
Chulitna,2005,534
Kogoluktuk River,2012,6771456
GAL NE 97,1990,164924
Treat Island,2011,2585
Dulbi Flats,2007,145722
MELOZI SPRINGS,1968,59684647
GAL NE 42,1986,12222489
Susulatna,2009,65774073